# addr	size	ghidra_name  (game region of orig/LEGOBatman.exe, from make ghidra-import + make fid)
00404330	147	FUN_00404330
00404420	32	FUN_00404420
00404450	116	FUN_00404450
004044f0	105	FUN_004044f0
00404600	115	FUN_00404600
004046a0	238	FUN_004046a0
004047e0	142	FUN_004047e0
004048a0	90	FUN_004048a0
00404910	21	FUN_00404910
00404950	138	FUN_00404950
00404a00	130	FUN_00404a00
00404ab0	193	FUN_00404ab0
00404bb0	67	FUN_00404bb0
00404c10	98	FUN_00404c10
00404c90	124	FUN_00404c90
00404d30	274	FUN_00404d30
00404e90	118	FUN_00404e90
00404f30	1009	FUN_00404f30
00405430	724	FUN_00405430
004057f0	161	FUN_004057f0
004058c0	469	FUN_004058c0
00405b10	57	FUN_00405b10
00405b60	210	FUN_00405b60
00405c80	20	FUN_00405c80
00405ca0	740	FUN_00405ca0
00406050	2975	FUN_00406050
00406f60	361	FUN_00406f60
00407130	608	FUN_00407130
00407430	3361	FUN_00407430
004084c0	29	FUN_004084c0
004084f0	10	FUN_004084f0
00408500	349	FUN_00408500
004086c0	31	FUN_004086c0
004087a0	50	`vector_constructor_iterator'
00408900	1093	FUN_00408900
00408e60	462	FUN_00408e60
004090b0	1	FUN_004090b0
004090c0	82	FUN_004090c0
00409140	75	FUN_00409140
004091d0	3	FUN_004091d0
004091e0	3	FUN_004091e0
004091f0	1	FUN_004091f0
00409230	81	FUN_00409230
004092e0	1229	FUN_004092e0
004098e0	210	FUN_004098e0
004099f0	34	FUN_004099f0
00409a20	2571	FUN_00409a20
0040a6b0	285	FUN_0040a6b0
0040a820	36	FUN_0040a820
0040a880	147	FUN_0040a880
0040a9a0	210	FUN_0040a9a0
0040aab0	67	FUN_0040aab0
0040acb0	205	FUN_0040acb0
0040adb0	173	FUN_0040adb0
0040ae90	880	FUN_0040ae90
0040b2e0	168	FUN_0040b2e0
0040be20	172	FUN_0040be20
0040bf20	46	FUN_0040bf20
0040c0d0	559	FUN_0040c0d0
0040c390	100	FUN_0040c390
0040c410	49	FUN_0040c410
0040c450	196	FUN_0040c450
0040c550	778	FUN_0040c550
0040c920	81	FUN_0040c920
0040c990	86	FUN_0040c990
0040ca00	1728	FUN_0040ca00
0040d290	54	FUN_0040d290
0040d320	319	FUN_0040d320
0040d4e0	147	FUN_0040d4e0
0040d5f0	96	FUN_0040d5f0
0040d670	242	FUN_0040d670
0040d7a0	2025	FUN_0040d7a0
0040e190	63	FUN_0040e190
0040e1e0	652	FUN_0040e1e0
0040e510	231	FUN_0040e510
0040e630	45	FUN_0040e630
0040e670	222	FUN_0040e670
0040e830	277	FUN_0040e830
0040e990	285	FUN_0040e990
0040eb00	101	FUN_0040eb00
0040eb80	686	FUN_0040eb80
0040eee0	109	FUN_0040eee0
0040ef70	203	FUN_0040ef70
0040f070	283	FUN_0040f070
0040f330	80	FUN_0040f330
0040f3a0	132	FUN_0040f3a0
0040f450	36	FUN_0040f450
0040f480	426	FUN_0040f480
0040f6a0	326	FUN_0040f6a0
0040f840	386	FUN_0040f840
0040fa30	387	FUN_0040fa30
0040fc20	2574	FUN_0040fc20
004108c0	1449	FUN_004108c0
00410fe0	1640	FUN_00410fe0
00411810	54	FUN_00411810
00411890	1017	FUN_00411890
00411d90	891	FUN_00411d90
004121f0	2008	FUN_004121f0
00413470	760	FUN_00413470
00413cf0	749	FUN_00413cf0
004148f0	1333	FUN_004148f0
00414f80	460	FUN_00414f80
004151c0	635	FUN_004151c0
004154e0	893	FUN_004154e0
00415a00	314	FUN_00415a00
00415bc0	68	FUN_00415bc0
00415d00	391	FUN_00415d00
00415fe0	54	FUN_00415fe0
00416030	147	FUN_00416030
00416120	153	FUN_00416120
004161e0	156	FUN_004161e0
004162b0	156	FUN_004162b0
00416380	68	FUN_00416380
004163e0	101	FUN_004163e0
00416460	248	FUN_00416460
004165a0	3565	FUN_004165a0
00417720	2900	FUN_00417720
00418550	627	FUN_00418550
00418860	7	FUN_00418860
00418870	201	FUN_00418870
00418dc0	147	FUN_00418dc0
00418ef0	1741	FUN_00418ef0
00419830	79	FUN_00419830
004198a0	6	FUN_004198a0
004198b0	6	FUN_004198b0
004198c0	6	FUN_004198c0
004198d0	1	FUN_004198d0
004198e0	146	FUN_004198e0
004199a0	1174	FUN_004199a0
00419f90	158	FUN_00419f90
0041a080	9643	FUN_0041a080
0041d020	86	FUN_0041d020
0041d090	93	FUN_0041d090
0041d110	93	FUN_0041d110
0041d1e0	147	FUN_0041d1e0
0041d2c0	28	FUN_0041d2c0
0041d340	95	FUN_0041d340
0041d3c0	146	FUN_0041d3c0
0041d480	203	FUN_0041d480
0041d580	205	FUN_0041d580
0041d680	199	FUN_0041d680
0041d800	30	FUN_0041d800
0041d830	53	FUN_0041d830
0041d880	178	FUN_0041d880
0041d960	365	FUN_0041d960
0041db30	625	FUN_0041db30
0041de50	222	FUN_0041de50
0041df70	170	FUN_0041df70
0041e050	78	FUN_0041e050
0041e0c0	52	FUN_0041e0c0
0041e110	40	FUN_0041e110
0041e150	376	FUN_0041e150
0041e3e0	82	FUN_0041e3e0
0041e450	119	FUN_0041e450
0041e4f0	129	FUN_0041e4f0
0041e5a0	262	FUN_0041e5a0
0041e6f0	110	FUN_0041e6f0
0041e790	323	FUN_0041e790
0041e930	428	FUN_0041e930
0041eb50	1218	FUN_0041eb50
0041f150	1158	FUN_0041f150
0041f700	3171	FUN_0041f700
00420680	91	FUN_00420680
00420700	87	FUN_00420700
00420770	305	FUN_00420770
004208f0	9521	FUN_004208f0
00423780	1851	FUN_00423780
00424090	1146	FUN_00424090
00424630	174	FUN_00424630
00424720	604	FUN_00424720
00424a20	365	FUN_00424a20
00424bf0	538	FUN_00424bf0
00424e90	660	FUN_00424e90
004251d0	724	FUN_004251d0
00425560	288	FUN_00425560
004256d0	834	FUN_004256d0
00425af0	290	FUN_00425af0
00425c60	493	FUN_00425c60
00425ed0	590	FUN_00425ed0
004261c0	131	FUN_004261c0
00426270	518	FUN_00426270
00426510	874	FUN_00426510
00426960	44	FUN_00426960
004269a0	519	FUN_004269a0
00426c50	142	FUN_00426c50
00426d10	339	FUN_00426d10
00426ec0	141	FUN_00426ec0
00426f80	49	FUN_00426f80
00426fd0	302	FUN_00426fd0
00427150	1037	FUN_00427150
00427660	1384	FUN_00427660
00427d30	135	FUN_00427d30
00427de0	1174	FUN_00427de0
004283a0	1372	FUN_004283a0
00428a60	422	FUN_00428a60
00428c70	799	FUN_00428c70
00429060	2111	FUN_00429060
00429ab0	1924	FUN_00429ab0
0042a440	1078	FUN_0042a440
0042a990	279	FUN_0042a990
0042aaf0	49	FUN_0042aaf0
0042ab30	383	FUN_0042ab30
0042ad10	6298	FUN_0042ad10
0042cbd0	499	FUN_0042cbd0
0042ce40	110	FUN_0042ce40
0042ced0	590	FUN_0042ced0
0042d1c0	67	FUN_0042d1c0
0042d220	1512	FUN_0042d220
0042d990	612	FUN_0042d990
0042dc90	147	FUN_0042dc90
0042ddb0	55	FUN_0042ddb0
0042de00	47	FUN_0042de00
0042de40	137	FUN_0042de40
0042def0	167	FUN_0042def0
0042e010	489	FUN_0042e010
0042e280	401	FUN_0042e280
0042e480	94	FUN_0042e480
0042e500	2771	FUN_0042e500
0042f3a0	83	FUN_0042f3a0
0042f410	157	FUN_0042f410
0042f4e0	1904	FUN_0042f4e0
0042fe30	106	FUN_0042fe30
0042fec0	217	FUN_0042fec0
0042ffd0	1968	FUN_0042ffd0
00430970	431	FUN_00430970
00430b90	147	FUN_00430b90
00430ca0	514	FUN_00430ca0
00430f30	34	FUN_00430f30
00430f60	112	FUN_00430f60
00430ff0	328	FUN_00430ff0
00431190	1097	FUN_00431190
004316f0	99	FUN_004316f0
00431770	89	FUN_00431770
004317e0	290	FUN_004317e0
00431950	147	FUN_00431950
00431a60	4	FUN_00431a60
00431ac0	163	FUN_00431ac0
00431b90	226	FUN_00431b90
00431d70	13	FUN_00431d70
00431d80	870	FUN_00431d80
00432380	89	FUN_00432380
00432420	66	FUN_00432420
00432480	609	FUN_00432480
00432860	292	FUN_00432860
00432c60	312	FUN_00432c60
00432df0	76	FUN_00432df0
00432eb0	147	FUN_00432eb0
00433140	3	FUN_00433140
00433600	468	FUN_00433600
004338a0	73	FUN_004338a0
00433c40	325	FUN_00433c40
00434090	40	FUN_00434090
00434120	1025	FUN_00434120
00434630	1507	FUN_00434630
00434da0	185	FUN_00434da0
00434e90	161	FUN_00434e90
00434f60	380	FUN_00434f60
00435140	2739	FUN_00435140
00435ea0	566	FUN_00435ea0
00436170	1909	FUN_00436170
00436ad0	191	FUN_00436ad0
00436c80	232	FUN_00436c80
00436e50	851	FUN_00436e50
00437280	11	FUN_00437280
00437420	124	FUN_00437420
004374c0	1	FUN_004374c0
004375e0	6466	FUN_004375e0
004395a0	147	FUN_004395a0
004396c0	319	FUN_004396c0
00439850	729	FUN_00439850
00439bf0	224	FUN_00439bf0
00439d10	161	FUN_00439d10
00439e00	307	FUN_00439e00
00439f80	63	FUN_00439f80
00439fd0	253	FUN_00439fd0
0043a110	1413	FUN_0043a110
0043a870	147	FUN_0043a870
0043a980	210	FUN_0043a980
0043ab10	353	FUN_0043ab10
0043acd0	2562	FUN_0043acd0
0043b970	3180	FUN_0043b970
0043c900	865	FUN_0043c900
0043cd40	1280	FUN_0043cd40
0043d380	141	FUN_0043d380
0043d430	299	FUN_0043d430
0043d5b0	94	FUN_0043d5b0
0043d6a0	384	FUN_0043d6a0
0043d880	48	FUN_0043d880
0043d9d0	148	FUN_0043d9d0
0043da90	199	FUN_0043da90
0043dc00	519	FUN_0043dc00
0043de90	2472	FUN_0043de90
0043eab0	87	FUN_0043eab0
0043eb20	158	FUN_0043eb20
0043ebf0	500	FUN_0043ebf0
0043ee70	5506	FUN_0043ee70
00440960	1312	FUN_00440960
00440fd0	1516	FUN_00440fd0
00441740	7415	FUN_00441740
00443ba0	147	FUN_00443ba0
00443cb0	41	FUN_00443cb0
00443cf0	286	FUN_00443cf0
00443e60	150	FUN_00443e60
00443f20	3904	FUN_00443f20
00445230	1054	FUN_00445230
00445770	311	FUN_00445770
00445900	1217	FUN_00445900
00445f00	297	FUN_00445f00
00446080	804	FUN_00446080
00446470	528	FUN_00446470
00446710	140	FUN_00446710
004467c0	371	FUN_004467c0
00446990	523	FUN_00446990
00446c30	223	FUN_00446c30
00446d50	112	FUN_00446d50
004471f0	130	FUN_004471f0
00447370	105	FUN_00447370
00447560	369	FUN_00447560
00447740	217	FUN_00447740
00447850	244	FUN_00447850
00447990	317	FUN_00447990
00447ce0	15	FUN_00447ce0
00447d00	358	FUN_00447d00
00447ec0	50	FUN_00447ec0
00447f00	39	FUN_00447f00
00447f30	97	FUN_00447f30
00447fb0	737	FUN_00447fb0
00448390	57	FUN_00448390
004483e0	248	FUN_004483e0
00448540	851	FUN_00448540
004489b0	71	FUN_004489b0
00448a10	174	FUN_00448a10
00448af0	32	FUN_00448af0
00448b20	16	FUN_00448b20
00448b40	41	FUN_00448b40
00448b80	41	FUN_00448b80
00448bc0	756	FUN_00448bc0
00448f80	2161	FUN_00448f80
00449a10	309	FUN_00449a10
00449bb0	71	FUN_00449bb0
00449f70	97	FUN_00449f70
00449ff0	6423	FUN_00449ff0
0044bf50	403	FUN_0044bf50
0044c150	706	FUN_0044c150
0044c4d0	97	FUN_0044c4d0
0044c580	54	FUN_0044c580
0044c5d0	147	FUN_0044c5d0
0044c6f0	460	FUN_0044c6f0
0044c930	34	FUN_0044c930
0044c960	312	FUN_0044c960
0044caf0	469	FUN_0044caf0
0044cd40	457	FUN_0044cd40
0044cf80	34	FUN_0044cf80
0044cfb0	424	FUN_0044cfb0
0044d680	95	FUN_0044d680
0044d830	82	FUN_0044d830
0044d8e0	82	FUN_0044d8e0
0044da30	171	FUN_0044da30
0044e050	253	FUN_0044e050
0044eaa0	78	FUN_0044eaa0
0044ec20	178	FUN_0044ec20
0044f520	53	FUN_0044f520
0044f620	528	FUN_0044f620
0044f980	77	FUN_0044f980
0044fd70	131	FUN_0044fd70
0044fe70	102	FUN_0044fe70
0044ff70	75	FUN_0044ff70
00451400	82	FUN_00451400
00451470	128	FUN_00451470
004515d0	85	FUN_004515d0
00451980	140	FUN_00451980
00451ab0	191	FUN_00451ab0
00451ba0	205	FUN_00451ba0
00451cb0	191	FUN_00451cb0
00452120	84	FUN_00452120
00452190	340	FUN_00452190
00452a80	85	FUN_00452a80
004530b0	719	FUN_004530b0
004541f0	1469	FUN_004541f0
00454950	652	FUN_00454950
00454d10	1961	FUN_00454d10
004556b0	119	FUN_004556b0
00455750	455	FUN_00455750
00456060	745	FUN_00456060
00456570	1039	FUN_00456570
00456a90	704	FUN_00456a90
00456e00	1294	FUN_00456e00
00457460	602	FUN_00457460
00457750	1254	FUN_00457750
00457ff0	1413	FUN_00457ff0
004586e0	1086	FUN_004586e0
00458c40	111	FUN_00458c40
00458cd0	1285	FUN_00458cd0
00459330	2559	FUN_00459330
00459fb0	999	FUN_00459fb0
0045a990	765	FUN_0045a990
0045af10	280	FUN_0045af10
0045b070	1517	FUN_0045b070
0045b7e0	334	FUN_0045b7e0
0045b990	435	FUN_0045b990
0045c0b0	122	FUN_0045c0b0
0045c150	102	FUN_0045c150
0045c1d0	686	FUN_0045c1d0
0045d520	1195	FUN_0045d520
0045dc80	819	FUN_0045dc80
0045e190	670	FUN_0045e190
0045e500	456	FUN_0045e500
0045eac0	653	FUN_0045eac0
0045ef10	717	FUN_0045ef10
0045f9e0	404	FUN_0045f9e0
0045fc50	331	FUN_0045fc50
0045fdf0	720	FUN_0045fdf0
004605f0	187	FUN_004605f0
004606e0	380	FUN_004606e0
00460a30	495	FUN_00460a30
00461220	69	FUN_00461220
00461af0	911	FUN_00461af0
00461ff0	388	FUN_00461ff0
004621e0	397	FUN_004621e0
00462520	743	FUN_00462520
004628c0	506	FUN_004628c0
00462e90	364	FUN_00462e90
00463060	398	FUN_00463060
00463f00	370	FUN_00463f00
004641d0	339	FUN_004641d0
004646a0	1070	FUN_004646a0
00464d10	493	FUN_00464d10
004657c0	462	FUN_004657c0
00465ab0	539	FUN_00465ab0
00465d60	2215	FUN_00465d60
004678a0	1236	FUN_004678a0
00467f50	455	FUN_00467f50
00468190	453	FUN_00468190
004684e0	627	FUN_004684e0
004688a0	549	FUN_004688a0
00468ea0	662	FUN_00468ea0
004691f0	634	FUN_004691f0
00469510	1727	FUN_00469510
0046a920	856	FUN_0046a920
0046ad50	1364	FUN_0046ad50
0046b400	1295	FUN_0046b400
0046ba60	143	FUN_0046ba60
0046bb20	544	FUN_0046bb20
0046bdd0	1162	FUN_0046bdd0
0046cd90	606	FUN_0046cd90
0046d6f0	293	FUN_0046d6f0
0046d870	472	FUN_0046d870
0046dac0	844	FUN_0046dac0
0046dee0	1226	FUN_0046dee0
0046e4e0	680	FUN_0046e4e0
0046eee0	507	FUN_0046eee0
0046f500	372	FUN_0046f500
0046f880	383	FUN_0046f880
0046fa60	323	FUN_0046fa60
00470370	575	FUN_00470370
00470840	368	FUN_00470840
00470ae0	255	FUN_00470ae0
00470fd0	412	FUN_00470fd0
004717b0	246	FUN_004717b0
004718f0	192	FUN_004718f0
00471d90	921	FUN_00471d90
00472210	281	FUN_00472210
00472370	413	FUN_00472370
00472640	385	FUN_00472640
00472a70	800	FUN_00472a70
00473140	773	FUN_00473140
00473510	308	FUN_00473510
00473810	876	FUN_00473810
00473da0	117	FUN_00473da0
00473e40	471	FUN_00473e40
004741c0	720	FUN_004741c0
00474550	1768	FUN_00474550
00475500	406	FUN_00475500
00477ab0	631	FUN_00477ab0
00477e00	145	FUN_00477e00
00477ec0	466	FUN_00477ec0
00478140	58	FUN_00478140
004781c0	54	FUN_004781c0
00478210	147	FUN_00478210
00478320	10	FUN_00478320
00478330	284	FUN_00478330
004785a0	363	FUN_004785a0
00478810	184	FUN_00478810
00478900	1265	FUN_00478900
00478f40	2059	FUN_00478f40
00479990	2500	FUN_00479990
0047a6c0	1482	FUN_0047a6c0
0047ae20	1622	FUN_0047ae20
0047b790	656	FUN_0047b790
0047be50	1076	FUN_0047be50
0047c3c0	62	FUN_0047c3c0
0047c860	2044	FUN_0047c860
0047d990	1320	FUN_0047d990
0047e030	557	FUN_0047e030
0047e300	905	FUN_0047e300
0047e790	12	FUN_0047e790
0047e7a0	538	FUN_0047e7a0
0047ea60	2541	FUN_0047ea60
0047ffe0	864	FUN_0047ffe0
00481070	236	FUN_00481070
004818e0	287	FUN_004818e0
00481af0	110	FUN_00481af0
00481d70	189	FUN_00481d70
00481e60	245	FUN_00481e60
00481fa0	382	FUN_00481fa0
00482180	307	FUN_00482180
004823d0	245	FUN_004823d0
00482510	763	FUN_00482510
00482aa0	850	FUN_00482aa0
00482ed0	329	FUN_00482ed0
00483070	693	FUN_00483070
00483510	312	FUN_00483510
00483750	391	FUN_00483750
00483ae0	335	FUN_00483ae0
00483c90	315	FUN_00483c90
00483e20	195	FUN_00483e20
00483f20	295	FUN_00483f20
004842b0	582	FUN_004842b0
00484590	366	FUN_00484590
00484c00	336	FUN_00484c00
00484f20	419	FUN_00484f20
00485130	12	FUN_00485130
00485540	676	FUN_00485540
004858d0	710	FUN_004858d0
00485c70	89	FUN_00485c70
00485df0	122	FUN_00485df0
00485e90	288	FUN_00485e90
00486010	147	FUN_00486010
00486120	31	FUN_00486120
00486150	109	FUN_00486150
004861e0	55	FUN_004861e0
00486350	258	FUN_00486350
004864a0	62	FUN_004864a0
004864f0	173	FUN_004864f0
00486610	784	FUN_00486610
004869f0	86	FUN_004869f0
00486a60	161	FUN_00486a60
00486d20	50	FUN_00486d20
00486d60	270	FUN_00486d60
00486ec0	100	FUN_00486ec0
00486f40	96	FUN_00486f40
00486fc0	104	FUN_00486fc0
00487050	32	FUN_00487050
00487080	32	FUN_00487080
004870b0	155	FUN_004870b0
00487180	76	FUN_00487180
004871e0	122	FUN_004871e0
00487280	105	FUN_00487280
004874c0	69	FUN_004874c0
00487520	54	FUN_00487520
00487570	48	FUN_00487570
004875b0	93	FUN_004875b0
00487630	42	FUN_00487630
00487670	333	FUN_00487670
00487830	92	FUN_00487830
00487aa0	115	FUN_00487aa0
00487ca0	346	FUN_00487ca0
00487f60	880	FUN_00487f60
004883b0	686	FUN_004883b0
00488750	55	FUN_00488750
00488930	648	FUN_00488930
00489c60	1982	FUN_00489c60
0048a7f0	320	FUN_0048a7f0
0048a980	630	FUN_0048a980
0048aca0	295	FUN_0048aca0
0048af80	417	FUN_0048af80
0048b190	21	FUN_0048b190
0048b6a0	147	FUN_0048b6a0
0048b7b0	108	FUN_0048b7b0
0048b910	148	FUN_0048b910
0048ba20	399	FUN_0048ba20
0048bc50	140	FUN_0048bc50
0048be60	135	FUN_0048be60
0048bf10	32	FUN_0048bf10
0048c2e0	1217	FUN_0048c2e0
0048c970	286	FUN_0048c970
0048cae0	577	FUN_0048cae0
0048d120	182	FUN_0048d120
0048d210	141	FUN_0048d210
0048d2c0	322	FUN_0048d2c0
0048d460	25	FUN_0048d460
0048d480	365	FUN_0048d480
0048d650	163	FUN_0048d650
0048d720	173	FUN_0048d720
0048d800	90	FUN_0048d800
0048d870	338	FUN_0048d870
0048da20	177	FUN_0048da20
0048db00	227	FUN_0048db00
0048dc20	294	FUN_0048dc20
0048dd90	125	FUN_0048dd90
0048de30	25	FUN_0048de30
0048df00	282	FUN_0048df00
0048e060	741	FUN_0048e060
0048e400	42	FUN_0048e400
0048e510	218	FUN_0048e510
0048e780	480	FUN_0048e780
0048e9e0	858	FUN_0048e9e0
0048ee10	135	FUN_0048ee10
0048efd0	72	FUN_0048efd0
0048f030	157	FUN_0048f030
0048f340	164	FUN_0048f340
0048f490	111	FUN_0048f490
0048f520	69	FUN_0048f520
0048f5f0	280	FUN_0048f5f0
0048f750	993	FUN_0048f750
004906f0	106	FUN_004906f0
00490850	182	FUN_00490850
004909b0	244	FUN_004909b0
00490af0	37	FUN_00490af0
00490b20	1178	FUN_00490b20
00491200	334	FUN_00491200
00491810	180	FUN_00491810
004919b0	171	FUN_004919b0
00491b10	475	FUN_00491b10
00491d90	101	FUN_00491d90
00491ec0	118	FUN_00491ec0
00491f60	82	FUN_00491f60
004921c0	319	FUN_004921c0
00492380	147	FUN_00492380
004925a0	144	FUN_004925a0
00492660	146	FUN_00492660
00492720	107	FUN_00492720
004927b0	203	FUN_004927b0
004928b0	205	FUN_004928b0
004929b0	199	FUN_004929b0
00492ab0	3	FUN_00492ab0
00492ac0	46	FUN_00492ac0
00492b00	59	FUN_00492b00
00492b50	22	FUN_00492b50
00492b70	31	FUN_00492b70
00492ba0	33	FUN_00492ba0
00492c00	37	FUN_00492c00
00492c30	45	FUN_00492c30
00492ca0	10	FUN_00492ca0
00492cb0	62	FUN_00492cb0
00492d00	62	FUN_00492d00
00492d90	55	FUN_00492d90
00492e40	39	FUN_00492e40
00492e70	37	FUN_00492e70
00492ec0	150	FUN_00492ec0
00492fb0	12	FUN_00492fb0
00492fc0	120	FUN_00492fc0
00493060	46	FUN_00493060
004930a0	216	FUN_004930a0
004931b0	68	FUN_004931b0
00493210	209	FUN_00493210
00493320	46	FUN_00493320
00493360	118	FUN_00493360
00493400	89	FUN_00493400
00493470	263	FUN_00493470
004935c0	79	FUN_004935c0
00493660	94	FUN_00493660
004936e0	619	FUN_004936e0
00493a00	1165	FUN_00493a00
00493fe0	570	FUN_00493fe0
004942f0	67	FUN_004942f0
004944b0	951	FUN_004944b0
004949e0	518	FUN_004949e0
00494c70	282	FUN_00494c70
00494dd0	45	FUN_00494dd0
00494e10	220	FUN_00494e10
00494f30	2044	FUN_00494f30
004959d0	667	FUN_004959d0
00495d20	12	FUN_00495d20
00495d30	419	FUN_00495d30
00495f40	533	FUN_00495f40
004961e0	409	FUN_004961e0
004963e0	40	FUN_004963e0
00496420	1	FUN_00496420
00496440	924	FUN_00496440
004968d0	515	FUN_004968d0
00496b60	1911	FUN_00496b60
004974c0	748	FUN_004974c0
00497870	263	FUN_00497870
004979c0	538	FUN_004979c0
00497d70	148	FUN_00497d70
00497f00	1753	FUN_00497f00
00498790	21	FUN_00498790
004988f0	68	FUN_004988f0
00498950	1678	FUN_00498950
00499190	59	FUN_00499190
004991e0	50	FUN_004991e0
00499250	1220	FUN_00499250
004998e0	706	FUN_004998e0
00499c60	114	FUN_00499c60
00499cf0	41	FUN_00499cf0
00499d70	168	FUN_00499d70
00499e50	6	FUN_00499e50
00499e60	25	FUN_00499e60
00499e80	123	FUN_00499e80
00499f20	148	FUN_00499f20
0049a030	1090	FUN_0049a030
0049a590	511	FUN_0049a590
0049a810	794	FUN_0049a810
0049abf0	1417	FUN_0049abf0
0049b2e0	279	FUN_0049b2e0
0049b440	3807	FUN_0049b440
0049c700	2138	FUN_0049c700
0049d190	466	FUN_0049d190
0049d3e0	3074	FUN_0049d3e0
0049e300	644	FUN_0049e300
0049e860	946	FUN_0049e860
0049ed00	6078	FUN_0049ed00
004a1e10	655	FUN_004a1e10
004a21b0	1338	FUN_004a21b0
004a2860	2309	FUN_004a2860
004a33f0	147	FUN_004a33f0
004a3570	46	FUN_004a3570
004a35b0	46	FUN_004a35b0
004a35f0	42	FUN_004a35f0
004a3630	115	FUN_004a3630
004a36c0	1583	FUN_004a36c0
004a3e80	253	FUN_004a3e80
004a3fc0	93	FUN_004a3fc0
004a4040	138	FUN_004a4040
004a40f0	1258	FUN_004a40f0
004a4720	36	FUN_004a4720
004a4750	258	FUN_004a4750
004a48a0	162	FUN_004a48a0
004a4970	352	FUN_004a4970
004a4b30	50	FUN_004a4b30
004a4b70	1900	FUN_004a4b70
004a54c0	1219	FUN_004a54c0
004a5ac0	1541	FUN_004a5ac0
004a6260	1	FUN_004a6260
004a6270	147	FUN_004a6270
004a6350	183	FUN_004a6350
004a64e0	115	FUN_004a64e0
004a6580	1379	FUN_004a6580
004a6c60	260	FUN_004a6c60
004a6dc0	273	FUN_004a6dc0
004a6f40	162	FUN_004a6f40
004a7190	251	FUN_004a7190
004a72d0	513	FUN_004a72d0
004a7560	70	FUN_004a7560
004a75c0	79	FUN_004a75c0
004a7780	48	FUN_004a7780
004a77c0	26	FUN_004a77c0
004a77e0	133	FUN_004a77e0
004a7890	177	FUN_004a7890
004a7970	209	FUN_004a7970
004a7a80	54	FUN_004a7a80
004a7ad0	136	FUN_004a7ad0
004a7b80	599	FUN_004a7b80
004a7e70	975	FUN_004a7e70
004a8340	296	FUN_004a8340
004a84c0	2773	FUN_004a84c0
004a9250	153	FUN_004a9250
004a9310	1641	FUN_004a9310
004a9b20	256	FUN_004a9b20
004a9c60	131	FUN_004a9c60
004a9d10	372	FUN_004a9d10
004a9ef0	417	FUN_004a9ef0
004aa100	136	FUN_004aa100
004aa1b0	470	FUN_004aa1b0
004aac20	112	FUN_004aac20
004aacb0	234	FUN_004aacb0
004aaf20	95	FUN_004aaf20
004aafa0	563	FUN_004aafa0
004ab260	113	FUN_004ab260
004ab2f0	239	FUN_004ab2f0
004ab420	791	FUN_004ab420
004ab9d0	12	FUN_004ab9d0
004ab9e0	48	FUN_004ab9e0
004aba90	6	FUN_004aba90
004abac0	286	FUN_004abac0
004abc30	233	FUN_004abc30
004abd60	47	FUN_004abd60
004abda0	478	FUN_004abda0
004ac000	6351	FUN_004ac000
004adf10	2938	FUN_004adf10
004aee90	3033	FUN_004aee90
004afd60	901	FUN_004afd60
004b01d0	4705	FUN_004b01d0
004b18d0	147	FUN_004b18d0
004b19c0	13	FUN_004b19c0
004b19d0	13	FUN_004b19d0
004b1a20	459	FUN_004b1a20
004b1c60	119	FUN_004b1c60
004b1d00	852	FUN_004b1d00
004b2130	203	FUN_004b2130
004b2710	594	FUN_004b2710
004b2a10	705	FUN_004b2a10
004b2d90	261	FUN_004b2d90
004b2ee0	38	FUN_004b2ee0
004b32d0	402	FUN_004b32d0
004b3560	988	FUN_004b3560
004b3bb0	30	FUN_004b3bb0
004b3c60	200	FUN_004b3c60
004b40f0	394	FUN_004b40f0
004b46c0	632	FUN_004b46c0
004b49e0	108	FUN_004b49e0
004b4dd0	1398	FUN_004b4dd0
004b5eb0	24	FUN_004b5eb0
004b5ed0	91	FUN_004b5ed0
004b5f50	725	FUN_004b5f50
004b62e0	142	FUN_004b62e0
004b63a0	42	FUN_004b63a0
004b63e0	30	FUN_004b63e0
004b6410	243	FUN_004b6410
004b6540	903	FUN_004b6540
004b6a10	65	FUN_004b6a10
004b6a70	214	FUN_004b6a70
004b6c00	679	FUN_004b6c00
004b76b0	378	FUN_004b76b0
004b7890	149	FUN_004b7890
004b7950	324	FUN_004b7950
004b7b60	319	FUN_004b7b60
004b7cf0	27	FUN_004b7cf0
004b7d20	147	FUN_004b7d20
004b7f40	144	FUN_004b7f40
004b8000	203	FUN_004b8000
004b8100	205	FUN_004b8100
004b8200	199	FUN_004b8200
004b8300	42	FUN_004b8300
004b8340	35	FUN_004b8340
004b8370	3	FUN_004b8370
004b8380	43	FUN_004b8380
004b83c0	75	FUN_004b83c0
004b8420	396	FUN_004b8420
004b8660	37	FUN_004b8660
004b8690	271	FUN_004b8690
004b87f0	266	FUN_004b87f0
004b8940	567	FUN_004b8940
004b8c10	537	FUN_004b8c10
004b8eb0	826	FUN_004b8eb0
004b92d0	1066	FUN_004b92d0
004b9810	395	FUN_004b9810
004b9c60	141	FUN_004b9c60
004b9d10	483	FUN_004b9d10
004b9f70	180	FUN_004b9f70
004ba060	248	FUN_004ba060
004ba1a0	6955	FUN_004ba1a0
004bc3b0	128	FUN_004bc3b0
004bc450	178	FUN_004bc450
004bc530	264	FUN_004bc530
004bc680	895	FUN_004bc680
004bcae0	1366	FUN_004bcae0
004bd190	330	FUN_004bd190
004bd330	91	FUN_004bd330
004bd3b0	88	FUN_004bd3b0
004bd420	1082	FUN_004bd420
004bd970	417	FUN_004bd970
004bdb80	123	FUN_004bdb80
004bdc20	1090	FUN_004bdc20
004be180	637	FUN_004be180
004be500	203	FUN_004be500
004be600	92	FUN_004be600
004be680	515	FUN_004be680
004be910	1085	FUN_004be910
004bf140	248	FUN_004bf140
004bf280	124	FUN_004bf280
004bf320	1147	FUN_004bf320
004bf8c0	87	FUN_004bf8c0
004bf930	165	FUN_004bf930
004bfa00	679	FUN_004bfa00
004bfd50	197	FUN_004bfd50
004bfe50	108	FUN_004bfe50
004bfee0	1494	FUN_004bfee0
004c0630	565	FUN_004c0630
004c0900	584	FUN_004c0900
004c0be0	162	FUN_004c0be0
004c0cb0	209	FUN_004c0cb0
004c0dc0	24	FUN_004c0dc0
004c0de0	663	FUN_004c0de0
004c1190	74	FUN_004c1190
004c11f0	184	FUN_004c11f0
004c1650	258	FUN_004c1650
004c17e0	114	FUN_004c17e0
004c1870	107	FUN_004c1870
004c1900	110	FUN_004c1900
004c1990	203	FUN_004c1990
004c1a90	248	FUN_004c1a90
004c1bd0	111	FUN_004c1bd0
004c1c60	742	FUN_004c1c60
004c2000	413	FUN_004c2000
004c22a0	124	FUN_004c22a0
004c2340	3935	FUN_004c2340
004c36a0	315	FUN_004c36a0
004c3830	115	FUN_004c3830
004c38c0	69	FUN_004c38c0
004c3920	301	FUN_004c3920
004c3ab0	3745	FUN_004c3ab0
004c4d10	37	FUN_004c4d10
004c4d40	901	FUN_004c4d40
004c51b0	35	FUN_004c51b0
004c51e0	180	FUN_004c51e0
004c52d0	37	FUN_004c52d0
004c5300	776	FUN_004c5300
004c56e0	262	FUN_004c56e0
004c5830	30	FUN_004c5830
004c5860	2774	FUN_004c5860
004c65f0	727	FUN_004c65f0
004c6980	86	FUN_004c6980
004c69f0	187	FUN_004c69f0
004c6ae0	751	FUN_004c6ae0
004c6e90	210	FUN_004c6e90
004c6fa0	246	FUN_004c6fa0
004c70e0	551	FUN_004c70e0
004c7390	3335	FUN_004c7390
004c83e0	1911	FUN_004c83e0
004c8d40	123	FUN_004c8d40
004c8de0	637	FUN_004c8de0
004c9100	984	FUN_004c9100
004c95d0	149	FUN_004c95d0
004c9690	152	FUN_004c9690
004c9750	1150	FUN_004c9750
004c9cf0	13	FUN_004c9cf0
004c9d00	58	FUN_004c9d00
004c9d50	220	FUN_004c9d50
004c9e70	514	FUN_004c9e70
004ca100	741	FUN_004ca100
004ca4a0	1164	FUN_004ca4a0
004caa70	220	FUN_004caa70
004cab90	485	FUN_004cab90
004cadf0	1001	FUN_004cadf0
004cb3a0	505	FUN_004cb3a0
004cb620	240	FUN_004cb620
004cb750	107	FUN_004cb750
004cb7e0	107	FUN_004cb7e0
004cb870	122	FUN_004cb870
004cb910	438	FUN_004cb910
004cbb70	1317	FUN_004cbb70
004cc1e0	570	FUN_004cc1e0
004cc4b0	780	FUN_004cc4b0
004cc880	289	FUN_004cc880
004cc9f0	173	FUN_004cc9f0
004ccb30	193	FUN_004ccb30
004ccc30	591	FUN_004ccc30
004ccf20	30	FUN_004ccf20
004ccf50	1344	FUN_004ccf50
004cd5e0	131	FUN_004cd5e0
004cd690	546	FUN_004cd690
004cd9a0	366	FUN_004cd9a0
004cdb70	712	FUN_004cdb70
004cdef0	174	FUN_004cdef0
004cdfd0	181	FUN_004cdfd0
004ce720	741	FUN_004ce720
004cf7c0	57	FUN_004cf7c0
004cfbb0	152	FUN_004cfbb0
004cfe00	59	FUN_004cfe00
004cfe50	235	FUN_004cfe50
004cffa0	3221	FUN_004cffa0
004d1100	13411	FUN_004d1100
004d5280	8	FUN_004d5280
004d5290	1100	FUN_004d5290
004d57f0	612	FUN_004d57f0
004d5af0	497	FUN_004d5af0
004d5d60	1226	FUN_004d5d60
004d6360	4803	FUN_004d6360
004d7ae0	1761	FUN_004d7ae0
004d87c0	688	FUN_004d87c0
004d8b60	1139	FUN_004d8b60
004d9290	117	FUN_004d9290
004d9330	5050	FUN_004d9330
004dabe0	2529	FUN_004dabe0
004db8e0	1	FUN_004db8e0
004db940	52	FUN_004db940
004dba30	47	FUN_004dba30
004dba70	3	FUN_004dba70
004dba90	13	FUN_004dba90
004dbaa0	1	FUN_004dbaa0
004dbb70	63	FUN_004dbb70
004dbbc0	147	FUN_004dbbc0
004dbcd0	105	FUN_004dbcd0
004dbdd0	104	FUN_004dbdd0
004dbe70	2051	FUN_004dbe70
004dc8e0	2442	FUN_004dc8e0
004dd4d0	50	FUN_004dd4d0
004dd510	454	FUN_004dd510
004dd750	606	FUN_004dd750
004dda50	434	FUN_004dda50
004ddc80	1410	FUN_004ddc80
004de370	721	FUN_004de370
004de700	107	FUN_004de700
004de800	185	FUN_004de800
004de8f0	3846	FUN_004de8f0
004dfbc0	87	FUN_004dfbc0
004dfc30	383	FUN_004dfc30
004dfe10	20	FUN_004dfe10
004e0060	1091	FUN_004e0060
004e07b0	660	FUN_004e07b0
004e0af0	367	FUN_004e0af0
004e0cc0	144	FUN_004e0cc0
004e0d90	4818	FUN_004e0d90
004e2520	342	FUN_004e2520
004e26d0	147	FUN_004e26d0
004e27e0	10	FUN_004e27e0
004e27f0	18	FUN_004e27f0
004e2810	354	FUN_004e2810
004e2b10	1081	FUN_004e2b10
004e3060	624	FUN_004e3060
004e3370	3	FUN_004e3370
004e3390	147	FUN_004e3390
004e3480	31	FUN_004e3480
004e34b0	402	FUN_004e34b0
004e36b0	353	FUN_004e36b0
004e38a0	5799	FUN_004e38a0
004e5520	147	FUN_004e5520
004e5600	36	FUN_004e5600
004e5660	203	FUN_004e5660
004e5760	205	FUN_004e5760
004e5860	199	FUN_004e5860
004e5960	12	FUN_004e5960
004e59a0	104	FUN_004e59a0
004e5a30	132	FUN_004e5a30
004e5ae0	54	FUN_004e5ae0
004e5b30	45	FUN_004e5b30
004e5b70	420	FUN_004e5b70
004e5d80	85	FUN_004e5d80
004e5e80	851	FUN_004e5e80
004e62b0	680	FUN_004e62b0
004e6610	392	FUN_004e6610
004e6800	142	FUN_004e6800
004e6a00	524	FUN_004e6a00
004e6c90	180	FUN_004e6c90
004e6d80	201	FUN_004e6d80
004e6e80	435	FUN_004e6e80
004e70a0	3417	FUN_004e70a0
004e8190	477	FUN_004e8190
004e83f0	40	FUN_004e83f0
004e8430	1201	FUN_004e8430
004e8a30	6	FUN_004e8a30
004e8a40	6	FUN_004e8a40
004e8a50	150	FUN_004e8a50
004e8b20	6	FUN_004e8b20
004e8b30	6	FUN_004e8b30
004e8b40	6	FUN_004e8b40
004e8b50	22	FUN_004e8b50
004e8d00	66	FUN_004e8d00
004e8d80	6	FUN_004e8d80
004e8d90	321	FUN_004e8d90
004e94e0	1746	FUN_004e94e0
004e9d70	1745	FUN_004e9d70
004ea600	1849	FUN_004ea600
004eaf10	1838	FUN_004eaf10
004eb810	164	FUN_004eb810
004eb900	2056	FUN_004eb900
004ec310	356	FUN_004ec310
004ec4d0	449	FUN_004ec4d0
004ec710	494	FUN_004ec710
004ec9e0	152	FUN_004ec9e0
004ecaa0	139	FUN_004ecaa0
004ecb50	34	FUN_004ecb50
004ecb80	414	FUN_004ecb80
004ecdb0	39	FUN_004ecdb0
004ecea0	34	FUN_004ecea0
004eced0	34	FUN_004eced0
004ecf00	112	FUN_004ecf00
004ed010	367	FUN_004ed010
004ed1e0	190	FUN_004ed1e0
004ed2d0	2829	FUN_004ed2d0
004ee0a0	2298	FUN_004ee0a0
004eebe0	698	FUN_004eebe0
004eef50	1693	FUN_004eef50
004ef7a0	248	FUN_004ef7a0
004ef8e0	553	FUN_004ef8e0
004efba0	205	FUN_004efba0
004efef0	147	FUN_004efef0
004f0000	199	FUN_004f0000
004f0440	73	FUN_004f0440
004f05a0	80	FUN_004f05a0
004f0690	89	FUN_004f0690
004f0700	498	FUN_004f0700
004f0970	194	FUN_004f0970
004f0c80	176	FUN_004f0c80
004f0db0	795	FUN_004f0db0
004f11a0	219	FUN_004f11a0
004f12c0	80	FUN_004f12c0
004f1330	432	FUN_004f1330
004f1550	944	FUN_004f1550
004f2070	197	FUN_004f2070
004f22e0	73	FUN_004f22e0
004f2340	978	FUN_004f2340
004f2810	84	FUN_004f2810
004f28e0	147	FUN_004f28e0
004f29c0	325	FUN_004f29c0
004f2bc0	375	FUN_004f2bc0
004f2da0	566	FUN_004f2da0
004f3070	127	FUN_004f3070
004f3110	478	FUN_004f3110
004f3370	905	FUN_004f3370
004f37e0	2029	FUN_004f37e0
004f4280	140	FUN_004f4280
004f4330	1	FUN_004f4330
004f4340	147	FUN_004f4340
004f4470	59	FUN_004f4470
004f4540	214	FUN_004f4540
004f4650	33	FUN_004f4650
004f4680	48	FUN_004f4680
004f46c0	68	FUN_004f46c0
004f4720	1459	FUN_004f4720
004f4e40	29	FUN_004f4e40
004f4ea0	97	FUN_004f4ea0
004f5000	208	FUN_004f5000
004f5150	534	FUN_004f5150
004f5440	604	FUN_004f5440
004f5740	737	FUN_004f5740
004f5ae0	487	FUN_004f5ae0
004f5d40	62	FUN_004f5d40
004f5d90	129	FUN_004f5d90
004f5e40	452	FUN_004f5e40
004f6080	136	FUN_004f6080
004f6130	61	FUN_004f6130
004f6180	78	FUN_004f6180
004f6230	1144	FUN_004f6230
004f67d0	81	FUN_004f67d0
004f6840	6	FUN_004f6840
004f6850	6	FUN_004f6850
004f6860	86	FUN_004f6860
004f6970	174	FUN_004f6970
004f6a50	91	FUN_004f6a50
004f6ad0	141	FUN_004f6ad0
004f6c80	3	FUN_004f6c80
004f6c90	3	FUN_004f6c90
004f6ca0	6	FUN_004f6ca0
004f6cb0	6	FUN_004f6cb0
004f6cc0	3	FUN_004f6cc0
004f6cd0	3	FUN_004f6cd0
004f6ce0	3	FUN_004f6ce0
004f6cf0	3	FUN_004f6cf0
004f6d00	36	FUN_004f6d00
004f6d30	3	FUN_004f6d30
004f6d50	213	FUN_004f6d50
004f6e60	3	FUN_004f6e60
004f6e70	7	FUN_004f6e70
004f6e80	24	FUN_004f6e80
004f6ea0	40	FUN_004f6ea0
004f6ee0	114	FUN_004f6ee0
004f6f70	6	FUN_004f6f70
004f6f80	3	FUN_004f6f80
004f6f90	13	FUN_004f6f90
004f6fa0	8	FUN_004f6fa0
004f6fc0	7	FUN_004f6fc0
004f6fd0	7	FUN_004f6fd0
004f6fe0	18	FUN_004f6fe0
004f7000	4	FUN_004f7000
004f7020	3	FUN_004f7020
004f7030	6	FUN_004f7030
004f7040	6	FUN_004f7040
004f7050	6	FUN_004f7050
004f7060	6	FUN_004f7060
004f7080	33	FUN_004f7080
004f70b0	45	FUN_004f70b0
004f70f0	21	FUN_004f70f0
004f7110	21	FUN_004f7110
004f7130	50	FUN_004f7130
004f71a0	79	FUN_004f71a0
004f7210	158	FUN_004f7210
004f72e0	7	FUN_004f72e0
004f72f0	44	FUN_004f72f0
004f7330	6	FUN_004f7330
004f7340	6	FUN_004f7340
004f7350	6	FUN_004f7350
004f7360	6	FUN_004f7360
004f7370	6	FUN_004f7370
004f7380	3	FUN_004f7380
004f7390	75	FUN_004f7390
004f73f0	6	FUN_004f73f0
004f7400	6	FUN_004f7400
004f7410	6	FUN_004f7410
004f7420	6	FUN_004f7420
004f7430	18	FUN_004f7430
004f7450	6	FUN_004f7450
004f74c0	6	FUN_004f74c0
004f74d0	39	FUN_004f74d0
004f7500	39	FUN_004f7500
004f7530	39	FUN_004f7530
004f7560	750	FUN_004f7560
004f7920	884	FUN_004f7920
004f7d80	1467	FUN_004f7d80
004f84b0	4005	FUN_004f84b0
004f9980	177	FUN_004f9980
004f9a60	41	FUN_004f9a60
004f9aa0	1	FUN_004f9aa0
004f9ab0	287	FUN_004f9ab0
004f9c20	147	FUN_004f9c20
004f9d30	457	FUN_004f9d30
004f9f70	341	FUN_004f9f70
004fa2b0	176	FUN_004fa2b0
004fa390	1114	FUN_004fa390
004fa900	1367	FUN_004fa900
004fafb0	638	FUN_004fafb0
004fb2d0	721	FUN_004fb2d0
004fb660	685	FUN_004fb660
004fb9c0	555	FUN_004fb9c0
004fbcb0	54	FUN_004fbcb0
004fbd40	319	FUN_004fbd40
004fbf00	147	FUN_004fbf00
004fbfe0	28	FUN_004fbfe0
004fc0e0	146	FUN_004fc0e0
004fc1a0	205	FUN_004fc1a0
004fc2c0	52	FUN_004fc2c0
004fc310	90	FUN_004fc310
004fc3a0	130	FUN_004fc3a0
004fc450	35	FUN_004fc450
004fc480	110	FUN_004fc480
004fc520	85	FUN_004fc520
004fc590	1439	FUN_004fc590
004fcca0	988	FUN_004fcca0
004fd180	932	FUN_004fd180
004fd6b0	438	FUN_004fd6b0
004fd8e0	151	FUN_004fd8e0
004fda20	327	FUN_004fda20
004fdce0	427	FUN_004fdce0
004fdf00	117	FUN_004fdf00
004fe0c0	2450	FUN_004fe0c0
004fecd0	871	FUN_004fecd0
004ff180	319	FUN_004ff180
004ff310	27	FUN_004ff310
004ff450	494	FUN_004ff450
004ff6d0	700	FUN_004ff6d0
004ffbf0	618	FUN_004ffbf0
004fff00	88	FUN_004fff00
004fff70	1030	FUN_004fff70
005004f0	118	FUN_005004f0
00500590	1792	FUN_00500590
00500ee0	319	FUN_00500ee0
00501100	288	FUN_00501100
00501270	202	FUN_00501270
005013a0	196	FUN_005013a0
005014a0	892	FUN_005014a0
00501a40	160	FUN_00501a40
00501bd0	107	FUN_00501bd0
00501c60	1859	FUN_00501c60
005025a0	147	FUN_005025a0
00502690	28	FUN_00502690
005026f0	221	FUN_005026f0
00502b60	197	FUN_00502b60
00503610	487	FUN_00503610
00503870	167	FUN_00503870
00503ad0	364	FUN_00503ad0
00503d50	308	FUN_00503d50
00503f10	30	FUN_00503f10
00503f40	347	FUN_00503f40
00504100	74	FUN_00504100
00504680	151	FUN_00504680
00504740	218	FUN_00504740
00504850	383	FUN_00504850
00504a40	542	FUN_00504a40
00504cf0	648	FUN_00504cf0
005051d0	994	FUN_005051d0
00505750	662	FUN_00505750
00505b70	3137	FUN_00505b70
00506ee0	319	FUN_00506ee0
00507100	117	FUN_00507100
00507460	143	FUN_00507460
00507520	222	FUN_00507520
00507d50	26	FUN_00507d50
00507d70	902	FUN_00507d70
005081e0	1025	FUN_005081e0
005086f0	36	FUN_005086f0
00508720	165	FUN_00508720
00508840	122	FUN_00508840
005088e0	24	FUN_005088e0
00508b40	633	FUN_00508b40
00509130	10	FUN_00509130
00509140	19	FUN_00509140
00509160	171	FUN_00509160
00509410	415	FUN_00509410
005096b0	759	FUN_005096b0
0050a340	43	FUN_0050a340
0050a3e0	561	FUN_0050a3e0
0050a880	43	FUN_0050a880
0050a920	31	FUN_0050a920
0050ab50	737	FUN_0050ab50
0050af50	973	FUN_0050af50
0050b410	220	FUN_0050b410
0050b530	285	FUN_0050b530
0050b6a0	257	FUN_0050b6a0
0050b7f0	661	FUN_0050b7f0
0050bb30	222	FUN_0050bb30
0050be00	319	FUN_0050be00
0050bfc0	147	FUN_0050bfc0
0050c0f0	12	FUN_0050c0f0
0050c100	1181	FUN_0050c100
0050c8d0	83	FUN_0050c8d0
0050d330	219	FUN_0050d330
0050d450	463	FUN_0050d450
0050d6a0	6	FUN_0050d6a0
0050db90	206	FUN_0050db90
0050dcd0	281	FUN_0050dcd0
0050de30	249	FUN_0050de30
005101b0	27	FUN_005101b0
00510220	85	FUN_00510220
005103a0	234	FUN_005103a0
00510930	196	FUN_00510930
00510a90	608	FUN_00510a90
00511010	374	FUN_00511010
005111f0	768	FUN_005111f0
005115f0	21	FUN_005115f0
005117b0	24	FUN_005117b0
005117d0	45	FUN_005117d0
00511aa0	127	FUN_00511aa0
00511b40	667	FUN_00511b40
00511ec0	147	FUN_00511ec0
00512030	33	FUN_00512030
00512070	13	FUN_00512070
00512080	163	FUN_00512080
00512150	753	FUN_00512150
00512500	27	FUN_00512500
00512560	19	FUN_00512560
00512620	147	FUN_00512620
00512780	95	FUN_00512780
00512830	260	FUN_00512830
005129a0	444	FUN_005129a0
00512bd0	35	FUN_00512bd0
00512c90	29	FUN_00512c90
00512cf0	237	FUN_00512cf0
00512e70	23	FUN_00512e70
00512f80	77	FUN_00512f80
00512fe0	105	FUN_00512fe0
00513070	85	FUN_00513070
005130e0	57	FUN_005130e0
00513130	212	FUN_00513130
00513240	323	FUN_00513240
005133f0	26	FUN_005133f0
00513430	269	FUN_00513430
00513580	210	FUN_00513580
00513690	733	FUN_00513690
00513a40	1274	FUN_00513a40
00514080	547	FUN_00514080
00514330	1	FUN_00514330
00514360	147	FUN_00514360
00514520	95	FUN_00514520
005145f0	444	FUN_005145f0
00514820	42	FUN_00514820
00514880	165	FUN_00514880
005149f0	72	FUN_005149f0
00514a70	4	FUN_00514a70
00514ab0	22	FUN_00514ab0
00514b80	53	FUN_00514b80
00514bd0	245	FUN_00514bd0
00514d10	597	FUN_00514d10
00515010	171	FUN_00515010
005150f0	67	FUN_005150f0
00515150	123	FUN_00515150
00515200	658	FUN_00515200
00515540	67	FUN_00515540
005155a0	560	FUN_005155a0
00515860	1107	FUN_00515860
00515dd0	570	FUN_00515dd0
005160a0	674	FUN_005160a0
005164a0	68	FUN_005164a0
005165c0	16	FUN_005165c0
005165e0	129	FUN_005165e0
005166a0	309	FUN_005166a0
00516830	1298	FUN_00516830
00516e90	819	FUN_00516e90
00517290	1841	FUN_00517290
00517c00	163	FUN_00517c00
00517cd0	88	FUN_00517cd0
00517d40	60	FUN_00517d40
00517d90	369	FUN_00517d90
00517f60	566	FUN_00517f60
00518270	147	FUN_00518270
00518470	57	FUN_00518470
00518500	19	FUN_00518500
00518530	9	FUN_00518530
00518560	3	FUN_00518560
005185b0	7	FUN_005185b0
00518630	106	FUN_00518630
005186c0	106	FUN_005186c0
00518880	34	FUN_00518880
005188b0	209	FUN_005188b0
005189c0	177	FUN_005189c0
00518aa0	102	FUN_00518aa0
00518b70	1627	FUN_00518b70
00519370	89	FUN_00519370
005193e0	2344	FUN_005193e0
00519f60	297	FUN_00519f60
0051a0e0	195	FUN_0051a0e0
0051a1e0	1944	FUN_0051a1e0
0051ab80	363	FUN_0051ab80
0051ad50	344	FUN_0051ad50
0051af00	381	FUN_0051af00
0051b0e0	365	FUN_0051b0e0
0051b2b0	521	FUN_0051b2b0
0051b540	756	FUN_0051b540
0051b900	2560	FUN_0051b900
0051c580	218	FUN_0051c580
0051c6e0	147	FUN_0051c6e0
0051c830	95	FUN_0051c830
0051c9d0	220	FUN_0051c9d0
0051caf0	115	FUN_0051caf0
0051cb90	275	FUN_0051cb90
0051ccb0	108	FUN_0051ccb0
0051cd40	84	FUN_0051cd40
0051cda0	1193	FUN_0051cda0
0051d280	877	FUN_0051d280
0051d5f0	274	FUN_0051d5f0
0051d800	361	FUN_0051d800
0051d9b0	212	FUN_0051d9b0
0051da90	364	FUN_0051da90
0051ddb0	103	FUN_0051ddb0
0051de20	119	FUN_0051de20
0051df90	49	FUN_0051df90
0051dfd0	10	FUN_0051dfd0
0051e060	135	FUN_0051e060
0051e0f0	108	FUN_0051e0f0
0051e1e0	86	FUN_0051e1e0
0051e240	6	FUN_0051e240
0051e280	773	FUN_0051e280
0051e590	797	FUN_0051e590
0051e8b0	82	FUN_0051e8b0
0051e910	16	FUN_0051e910
0051e960	89	FUN_0051e960
0051e9d0	131	FUN_0051e9d0
0051eaa0	1	FUN_0051eaa0
0051eb50	19	FUN_0051eb50
0051eb90	368	FUN_0051eb90
0051ed30	120	FUN_0051ed30
0051ee50	12	FUN_0051ee50
0051ee60	12	FUN_0051ee60
0051ef90	27	FUN_0051ef90
0051efb0	26	FUN_0051efb0
0051f120	250	FUN_0051f120
0051f220	14	FUN_0051f220
0051f2a0	6	FUN_0051f2a0
0051f2b0	12	FUN_0051f2b0
0051f2d0	12	FUN_0051f2d0
0051f2e0	1	FUN_0051f2e0
0051f370	37	FUN_0051f370
0051f3a0	229	FUN_0051f3a0
0051f490	87	FUN_0051f490
0051f4f0	24	FUN_0051f4f0
0051f510	17	FUN_0051f510
0051f530	10	FUN_0051f530
0051f540	8	FUN_0051f540
0051f650	607	FUN_0051f650
0051f8b0	17	FUN_0051f8b0
0051f8d0	17	FUN_0051f8d0
0051f8f0	12	FUN_0051f8f0
0051f900	30	FUN_0051f900
0051f920	32	FUN_0051f920
0051f980	20	FUN_0051f980
0051f9a0	23	FUN_0051f9a0
0051f9c0	15	FUN_0051f9c0
0051f9d0	15	FUN_0051f9d0
0051f9e0	11	FUN_0051f9e0
0051f9f0	34	FUN_0051f9f0
0051fa20	37	FUN_0051fa20
0051fa50	102	FUN_0051fa50
0051fac0	62	FUN_0051fac0
0051fb00	27	FUN_0051fb00
0051fb90	82	FUN_0051fb90
0051fbf0	110	FUN_0051fbf0
0051fd10	1	FUN_0051fd10
0051fd20	1	FUN_0051fd20
0051fd50	162	FUN_0051fd50
0051fe00	23	FUN_0051fe00
0051fe20	53	FUN_0051fe20
0051ff50	12	FUN_0051ff50
0051ff60	6	FUN_0051ff60
0051ff70	10	FUN_0051ff70
0051ff80	6	FUN_0051ff80
0051ffc0	193	FUN_0051ffc0
00520120	253	FUN_00520120
00520220	603	FUN_00520220
00520480	170	FUN_00520480
00520530	188	FUN_00520530
00520610	173	FUN_00520610
005206c0	1140	FUN_005206c0
00520b40	42	FUN_00520b40
00520b70	998	FUN_00520b70
00520f60	1330	FUN_00520f60
00521550	285	FUN_00521550
00521670	706	FUN_00521670
00521940	135	FUN_00521940
005219d0	1275	FUN_005219d0
00521f40	725	FUN_00521f40
00522220	217	FUN_00522220
00522300	236	FUN_00522300
005223f0	52	FUN_005223f0
00522520	42	FUN_00522520
00522550	36	FUN_00522550
00522580	36	FUN_00522580
005225b0	45	FUN_005225b0
005225e0	47	FUN_005225e0
00522610	95	FUN_00522610
005226d0	22	FUN_005226d0
005226f0	43	FUN_005226f0
00522720	112	FUN_00522720
00522790	27	FUN_00522790
005227b0	22	FUN_005227b0
005227d0	32	FUN_005227d0
005227f0	49	FUN_005227f0
00522830	22	FUN_00522830
00522850	52	FUN_00522850
00522890	802	FUN_00522890
00522be0	285	FUN_00522be0
00522d00	97	FUN_00522d00
00522d70	70	FUN_00522d70
00522dc0	496	FUN_00522dc0
00522fe0	1027	FUN_00522fe0
005233f0	338	FUN_005233f0
005235c0	51	FUN_005235c0
00523600	74	FUN_00523600
00523740	11	FUN_00523740
00523750	949	FUN_00523750
00523b60	197	FUN_00523b60
00523c30	617	FUN_00523c30
00523ea0	460	FUN_00523ea0
00524070	79	FUN_00524070
005240c0	17	FUN_005240c0
00524140	494	FUN_00524140
00524330	920	FUN_00524330
005246d0	33	FUN_005246d0
00524700	23	FUN_00524700
00524b70	359	FUN_00524b70
00524cf0	12	FUN_00524cf0
00524d80	112	FUN_00524d80
00524df0	461	FUN_00524df0
00525100	2623	FUN_00525100
00525e90	18	FUN_00525e90
00525eb0	585	FUN_00525eb0
00526160	59	FUN_00526160
005261a0	1	FUN_005261a0
005261b0	110	FUN_005261b0
00526230	39	FUN_00526230
005263d0	230	FUN_005263d0
005264c0	1126	FUN_005264c0
00526ad0	25	FUN_00526ad0
00526af0	67	FUN_00526af0
00526b40	747	FUN_00526b40
00526ec0	321	FUN_00526ec0
00527010	139	FUN_00527010
005270a0	126	FUN_005270a0
00527150	115	FUN_00527150
005271d0	56	FUN_005271d0
00527670	289	FUN_00527670
005277a0	830	FUN_005277a0
00527b00	10	FUN_00527b00
00527b10	49	FUN_00527b10
00527b50	25	FUN_00527b50
00527b70	10	FUN_00527b70
00527bc0	129	FUN_00527bc0
00527d60	212	FUN_00527d60
00527e40	174	FUN_00527e40
00527ef0	3	FUN_00527ef0
00527f00	122	FUN_00527f00
00527f80	200	FUN_00527f80
00528050	12	FUN_00528050
00528060	735	FUN_00528060
00528460	498	FUN_00528460
005288b0	37	FUN_005288b0
00528910	37	FUN_00528910
00528940	15	FUN_00528940
00528a10	1	FUN_00528a10
00528cd0	127	FUN_00528cd0
00528e60	64	FUN_00528e60
00528ea0	15	FUN_00528ea0
00528eb0	189	FUN_00528eb0
00529050	74	FUN_00529050
005290c0	13	FUN_005290c0
005290d0	13	FUN_005290d0
005290f0	10	FUN_005290f0
00529100	6	FUN_00529100
00529110	298	FUN_00529110
00529240	512	FUN_00529240
00529440	573	FUN_00529440
00529680	138	FUN_00529680
00529710	197	FUN_00529710
005297e0	69	FUN_005297e0
005299b0	222	FUN_005299b0
00529bc0	16	FUN_00529bc0
00529c10	6	FUN_00529c10
00529c20	6	FUN_00529c20
00529c30	45	FUN_00529c30
00529c60	40	FUN_00529c60
00529c90	131	FUN_00529c90
00529d40	79	FUN_00529d40
00529dd0	1	FUN_00529dd0
00529de0	1	FUN_00529de0
00529df0	147	FUN_00529df0
00529f70	30	FUN_00529f70
0052a240	36	FUN_0052a240
0052a350	575	FUN_0052a350
0052a5b0	87	FUN_0052a5b0
0052a610	390	FUN_0052a610
0052a7a0	206	FUN_0052a7a0
0052a9a0	262	FUN_0052a9a0
0052ab90	53	FUN_0052ab90
0052abd0	14	FUN_0052abd0
0052ac00	399	FUN_0052ac00
0052ada0	435	FUN_0052ada0
0052af60	68	FUN_0052af60
0052afb0	15	FUN_0052afb0
0052afc0	96	FUN_0052afc0
0052b020	48	FUN_0052b020
0052b070	110	FUN_0052b070
0052b0e0	110	FUN_0052b0e0
0052b150	62	FUN_0052b150
0052b1c0	49	FUN_0052b1c0
0052b200	145	FUN_0052b200
0052b2a0	77	FUN_0052b2a0
0052b2f0	115	FUN_0052b2f0
0052b370	115	FUN_0052b370
0052b3f0	115	FUN_0052b3f0
0052b470	727	FUN_0052b470
0052b750	81	FUN_0052b750
0052b7b0	255	FUN_0052b7b0
0052b8b0	528	FUN_0052b8b0
0052bac0	17	FUN_0052bac0
0052bae0	17	FUN_0052bae0
0052bb00	121	FUN_0052bb00
0052bb90	87	FUN_0052bb90
0052bbf0	501	FUN_0052bbf0
0052be50	90	FUN_0052be50
0052bec0	449	FUN_0052bec0
0052c0a0	191	FUN_0052c0a0
0052c160	142	FUN_0052c160
0052c1f0	49	FUN_0052c1f0
0052c230	3526	FUN_0052c230
0052d040	239	FUN_0052d040
0052d130	267	FUN_0052d130
0052d240	213	FUN_0052d240
0052d320	194	FUN_0052d320
0052d450	2415	FUN_0052d450
0052ddc0	382	FUN_0052ddc0
0052df40	536	FUN_0052df40
0052e170	177	FUN_0052e170
0052e230	146	FUN_0052e230
0052e2d0	482	FUN_0052e2d0
0052e500	1	FUN_0052e500
0052e540	31	FUN_0052e540
0052e580	104	FUN_0052e580
0052e5f0	72	FUN_0052e5f0
0052e640	92	FUN_0052e640
0052e6f0	190	FUN_0052e6f0
0052e7b0	99	FUN_0052e7b0
0052e860	119	FUN_0052e860
0052e8e0	5091	FUN_0052e8e0
0052fcd0	30	FUN_0052fcd0
0052fcf0	31	FUN_0052fcf0
0052fd10	172	FUN_0052fd10
0052fdc0	128	FUN_0052fdc0
0052fec0	6	FUN_0052fec0
0052fee0	12	FUN_0052fee0
0052fef0	20	FUN_0052fef0
0052ff20	55	FUN_0052ff20
0052fff0	59	FUN_0052fff0
00530030	63	FUN_00530030
005300b0	32	FUN_005300b0
00530110	56	FUN_00530110
00530150	60	FUN_00530150
00530190	32	FUN_00530190
005301b0	32	FUN_005301b0
00530220	59	FUN_00530220
005302c0	44	FUN_005302c0
005302f0	61	FUN_005302f0
00530350	10	FUN_00530350
00530380	19	FUN_00530380
00530b00	37	FUN_00530b00
00530b30	50	FUN_00530b30
00530bf0	27	FUN_00530bf0
00530c40	37	FUN_00530c40
00530ca0	175	FUN_00530ca0
00530e40	111	FUN_00530e40
00530ed0	27	FUN_00530ed0
00530ef0	113	FUN_00530ef0
00530f70	32	FUN_00530f70
00530f90	64	FUN_00530f90
00530fd0	37	FUN_00530fd0
00531000	32	FUN_00531000
00531020	50	FUN_00531020
00531060	27	FUN_00531060
005310b0	37	FUN_005310b0
00531110	20	FUN_00531110
00531130	45	FUN_00531130
00531160	28	FUN_00531160
00531180	47	FUN_00531180
005311b0	14	FUN_005311b0
00531230	91	FUN_00531230
00531350	32	FUN_00531350
00531390	88	FUN_00531390
005313f0	32	FUN_005313f0
00531410	82	FUN_00531410
005314d0	27	FUN_005314d0
005314f0	38	FUN_005314f0
00531520	13	FUN_00531520
00531530	38	FUN_00531530
00531560	13	FUN_00531560
00531620	23	FUN_00531620
005318b0	12	FUN_005318b0
005318c0	854	FUN_005318c0
00531ff0	102	FUN_00531ff0
00532060	250	FUN_00532060
00532160	168	FUN_00532160
00532210	579	FUN_00532210
00532460	52	FUN_00532460
00532494	6	FUN_00532494
0053249a	128	FUN_0053249a
00532840	6	FUN_00532840
005329c0	27	FUN_005329c0
00532a90	537	FUN_00532a90
00532cb0	547	FUN_00532cb0
00532ee0	966	FUN_00532ee0
00533400	59	FUN_00533400
00533490	50	FUN_00533490
005334d0	27	FUN_005334d0
005334f0	48	FUN_005334f0
00533520	48	FUN_00533520
00533550	48	FUN_00533550
005335b0	50	FUN_005335b0
005335f0	12	FUN_005335f0
00533630	62	FUN_00533630
005336a0	103	FUN_005336a0
00533710	250	FUN_00533710
00533810	353	FUN_00533810
005339b0	73	FUN_005339b0
00533a00	114	FUN_00533a00
00533c40	1	FUN_00533c40
00533c60	1	FUN_00533c60
00533cb0	32	FUN_00533cb0
00533cf0	48	FUN_00533cf0
00533d90	15	FUN_00533d90
00533da0	30	FUN_00533da0
00533e40	109	FUN_00533e40
00533eb0	565	FUN_00533eb0
005340f0	141	FUN_005340f0
00534180	911	FUN_00534180
00534600	164	FUN_00534600
005346b0	264	FUN_005346b0
005347c0	267	FUN_005347c0
005348d0	98	FUN_005348d0
00534980	99	FUN_00534980
005349f0	200	FUN_005349f0
00534ac0	149	FUN_00534ac0
00534b60	104	FUN_00534b60
00534bd0	135	FUN_00534bd0
00534c60	6	FUN_00534c60
00534c70	22	FUN_00534c70
00534c90	354	FUN_00534c90
00534ff0	274	FUN_00534ff0
00535110	207	FUN_00535110
005352a0	118	FUN_005352a0
00535320	62	FUN_00535320
00535360	261	FUN_00535360
00535470	67	FUN_00535470
005354c0	411	FUN_005354c0
00535660	25	FUN_00535660
00535680	25	FUN_00535680
005356a0	25	FUN_005356a0
005356c0	72	FUN_005356c0
00535720	25	FUN_00535720
00535740	59	FUN_00535740
00535780	181	FUN_00535780
00535930	10	FUN_00535930
00535970	100	FUN_00535970
005359f0	1	FUN_005359f0
00535a00	1	FUN_00535a00
00535a80	1	FUN_00535a80
00535b60	1	FUN_00535b60
00535b70	1	FUN_00535b70
00535b80	1	FUN_00535b80
00535b90	1	FUN_00535b90
00535bf0	12	FUN_00535bf0
00535c00	1	FUN_00535c00
00535c10	84	FUN_00535c10
00535c70	21	FUN_00535c70
00535c90	1	FUN_00535c90
00535cb0	1	FUN_00535cb0
00535d80	3	FUN_00535d80
00535db0	3	FUN_00535db0
00535df0	200	FUN_00535df0
00535ec0	101	FUN_00535ec0
00535f30	336	FUN_00535f30
005360e0	86	FUN_005360e0
00536140	32	FUN_00536140
00536180	10	FUN_00536180
00536190	118	FUN_00536190
00536210	42	FUN_00536210
00536250	1	FUN_00536250
00536260	1	FUN_00536260
005362b0	66	FUN_005362b0
00536330	78	FUN_00536330
00536380	72	FUN_00536380
005363d0	75	FUN_005363d0
00536420	89	FUN_00536420
00536490	63	FUN_00536490
005364e0	56	FUN_005364e0
00536520	38	FUN_00536520
00536560	33	FUN_00536560
00536590	54	FUN_00536590
005365d0	138	FUN_005365d0
00536660	98	FUN_00536660
005366e0	149	FUN_005366e0
00536780	214	FUN_00536780
00536860	157	FUN_00536860
00536900	147	FUN_00536900
005369a0	212	FUN_005369a0
00536a80	358	FUN_00536a80
00536bf0	191	FUN_00536bf0
00536d10	57	FUN_00536d10
00536e10	74	FUN_00536e10
00536ea0	119	FUN_00536ea0
00536f20	118	FUN_00536f20
00536fa0	239	FUN_00536fa0
00537090	569	FUN_00537090
005372e0	90	FUN_005372e0
00537340	61	FUN_00537340
00537380	154	FUN_00537380
005374b0	84	FUN_005374b0
00537510	184	FUN_00537510
005375d0	757	FUN_005375d0
005378d0	66	FUN_005378d0
00537920	34	FUN_00537920
00537950	320	FUN_00537950
00537b10	358	FUN_00537b10
00537d50	132	FUN_00537d50
00537de0	204	FUN_00537de0
00537eb0	168	FUN_00537eb0
00537f60	391	FUN_00537f60
005380f0	1441	FUN_005380f0
00538730	223	FUN_00538730
00538810	277	FUN_00538810
00538930	52	FUN_00538930
00538970	57	FUN_00538970
005389e0	90	FUN_005389e0
00538a40	165	FUN_00538a40
00538af0	234	FUN_00538af0
00538be0	165	FUN_00538be0
00538c90	524	FUN_00538c90
00538ea0	36	FUN_00538ea0
00538ef0	152	FUN_00538ef0
00538ff0	138	FUN_00538ff0
005391f0	15	FUN_005391f0
00539210	1	FUN_00539210
00539290	272	FUN_00539290
005393a0	117	FUN_005393a0
00539420	95	FUN_00539420
00539480	85	FUN_00539480
005394e0	886	FUN_005394e0
00539860	68	FUN_00539860
005398b0	29	FUN_005398b0
005398d0	22	FUN_005398d0
005398f0	22	FUN_005398f0
00539910	22	FUN_00539910
00539930	82	FUN_00539930
00539990	37	FUN_00539990
005399c0	77	FUN_005399c0
00539a10	77	FUN_00539a10
00539a60	90	FUN_00539a60
00539ac0	43	FUN_00539ac0
00539af0	26	FUN_00539af0
00539b10	232	FUN_00539b10
00539c00	1340	FUN_00539c00
0053a170	745	FUN_0053a170
0053a480	1	FUN_0053a480
0053a4b0	16	FUN_0053a4b0
0053a4c0	8	FUN_0053a4c0
0053a4d0	4	FUN_0053a4d0
0053a510	23	FUN_0053a510
0053a530	21	FUN_0053a530
0053a550	35	FUN_0053a550
0053a580	103	FUN_0053a580
0053a630	32	FUN_0053a630
0053a650	181	FUN_0053a650
0053a710	66	FUN_0053a710
0053a760	547	FUN_0053a760
0053a990	291	FUN_0053a990
0053aac0	52	FUN_0053aac0
0053ab50	81	FUN_0053ab50
0053abb0	8	FUN_0053abb0
0053abc0	54	FUN_0053abc0
0053ac00	16	FUN_0053ac00
0053ac10	61	FUN_0053ac10
0053ac50	267	FUN_0053ac50
0053ad60	57	FUN_0053ad60
0053ada0	86	FUN_0053ada0
0053af10	166	FUN_0053af10
0053afc0	806	FUN_0053afc0
0053b2f0	30	FUN_0053b2f0
0053b360	109	FUN_0053b360
0053b3d0	84	FUN_0053b3d0
0053b430	166	FUN_0053b430
0053b4e0	339	FUN_0053b4e0
0053b6d0	278	FUN_0053b6d0
0053b7f0	692	FUN_0053b7f0
0053bab0	552	FUN_0053bab0
0053bce0	1016	FUN_0053bce0
0053c0e0	103	FUN_0053c0e0
0053c150	35	FUN_0053c150
0053c180	776	FUN_0053c180
0053c4b0	258	FUN_0053c4b0
0053c5c0	138	FUN_0053c5c0
0053c650	26	FUN_0053c650
0053c730	109	FUN_0053c730
0053c7a0	107	FUN_0053c7a0
0053c810	126	FUN_0053c810
0053c890	870	FUN_0053c890
0053cc00	1877	FUN_0053cc00
0053d360	736	FUN_0053d360
0053d650	237	FUN_0053d650
0053d740	237	FUN_0053d740
0053d850	26	FUN_0053d850
0053d870	214	FUN_0053d870
0053d950	46	FUN_0053d950
0053d9c0	853	FUN_0053d9c0
0053ddc0	662	FUN_0053ddc0
0053e060	40	FUN_0053e060
0053e090	59	FUN_0053e090
0053e0d0	364	FUN_0053e0d0
0053e240	491	FUN_0053e240
0053e430	389	FUN_0053e430
0053e620	390	FUN_0053e620
0053e7f0	300	FUN_0053e7f0
0053e920	257	FUN_0053e920
0053ea30	72	FUN_0053ea30
0053ea80	73	FUN_0053ea80
0053ead0	80	FUN_0053ead0
0053ec20	356	FUN_0053ec20
0053eda0	14	FUN_0053eda0
0053edb0	14	FUN_0053edb0
0053edc0	14	FUN_0053edc0
0053edd0	136	FUN_0053edd0
0053ee60	33	FUN_0053ee60
0053eef0	101	FUN_0053eef0
0053ef60	76	FUN_0053ef60
0053f000	62	FUN_0053f000
0053f040	162	FUN_0053f040
0053f0f0	400	FUN_0053f0f0
0053f280	526	FUN_0053f280
0053f4f0	31	FUN_0053f4f0
0053f510	50	FUN_0053f510
0053f590	116	FUN_0053f590
0053f610	28	FUN_0053f610
0053f630	585	FUN_0053f630
0053f8e0	750	FUN_0053f8e0
0053fbd0	24	FUN_0053fbd0
0053fbf0	76	FUN_0053fbf0
0053fc40	86	FUN_0053fc40
0053fca0	267	FUN_0053fca0
0053fdb0	21	FUN_0053fdb0
0053fdd0	21	FUN_0053fdd0
0053fe70	42	FUN_0053fe70
0053fea0	18	FUN_0053fea0
0053fec0	154	FUN_0053fec0
0053ff60	175	FUN_0053ff60
00540010	79	FUN_00540010
00540060	167	FUN_00540060
00540110	143	FUN_00540110
005401a0	110	FUN_005401a0
00540210	23	FUN_00540210
00540230	50	FUN_00540230
00540270	386	FUN_00540270
00540400	203	FUN_00540400
005404d0	246	FUN_005404d0
005405d0	636	FUN_005405d0
00540850	286	FUN_00540850
00540980	404	FUN_00540980
00540b20	232	FUN_00540b20
00540c10	296	FUN_00540c10
00540d40	543	FUN_00540d40
00540ff0	668	FUN_00540ff0
005412c0	327	FUN_005412c0
00541410	203	FUN_00541410
005414e0	124	FUN_005414e0
00541560	40	FUN_00541560
00541590	14	FUN_00541590
005415c0	120	FUN_005415c0
00541640	100	FUN_00541640
005416b0	98	FUN_005416b0
00541720	115	FUN_00541720
005417a0	933	FUN_005417a0
00541bd0	578	FUN_00541bd0
00541e20	193	FUN_00541e20
00541ef0	229	FUN_00541ef0
00541fe0	297	FUN_00541fe0
00542110	735	FUN_00542110
00542400	98	FUN_00542400
00542470	45	FUN_00542470
005424a0	2509	FUN_005424a0
00542ea0	82	FUN_00542ea0
00542f00	34	FUN_00542f00
00542f30	842	FUN_00542f30
00543280	49	FUN_00543280
00543300	164	FUN_00543300
005433b0	396	FUN_005433b0
00543580	52	FUN_00543580
00543600	45	FUN_00543600
00543660	218	FUN_00543660
00543740	218	FUN_00543740
00543860	198	FUN_00543860
00543990	27	FUN_00543990
005439d0	35	FUN_005439d0
00543a30	29	FUN_00543a30
00543a70	159	FUN_00543a70
00543c00	36	FUN_00543c00
00543ca0	187	FUN_00543ca0
00543d60	190	FUN_00543d60
00543ea0	22	FUN_00543ea0
00543f00	8	FUN_00543f00
00543f40	47	FUN_00543f40
00543f70	46	FUN_00543f70
00543fd0	33	FUN_00543fd0
00544000	113	FUN_00544000
00544080	113	FUN_00544080
00544100	87	FUN_00544100
00544160	3032	FUN_00544160
00544d50	1914	FUN_00544d50
005454e0	201	FUN_005454e0
005455b0	424	FUN_005455b0
00545760	239	FUN_00545760
00545860	403	FUN_00545860
00545a00	299	FUN_00545a00
00545b30	2906	FUN_00545b30
005466a0	260	FUN_005466a0
005467b0	489	FUN_005467b0
005469a0	314	FUN_005469a0
00546ae0	1400	FUN_00546ae0
00547060	89	FUN_00547060
005470c0	191	FUN_005470c0
005471f0	199	FUN_005471f0
005472c0	183	FUN_005472c0
00547380	370	FUN_00547380
00547560	311	FUN_00547560
005476a0	167	FUN_005476a0
00547750	746	FUN_00547750
00547a40	1089	FUN_00547a40
00547e90	385	FUN_00547e90
00548020	24	FUN_00548020
00548120	371	FUN_00548120
005482a0	121	FUN_005482a0
00548320	1274	FUN_00548320
00548820	202	FUN_00548820
005488f0	28	FUN_005488f0
00548910	100	FUN_00548910
00548980	80	FUN_00548980
00548a50	1279	FUN_00548a50
00548f60	289	FUN_00548f60
00549090	618	FUN_00549090
00549340	599	FUN_00549340
005495a0	588	FUN_005495a0
005497f0	66	FUN_005497f0
005499c0	93	FUN_005499c0
00549a20	270	FUN_00549a20
00549b30	42	FUN_00549b30
00549b60	354	FUN_00549b60
00549cd0	332	FUN_00549cd0
00549e40	150	FUN_00549e40
00549ee0	150	FUN_00549ee0
00549f80	420	FUN_00549f80
0054a150	797	FUN_0054a150
0054a480	2340	FUN_0054a480
0054adb0	5559	FUN_0054adb0
0054c3b0	472	FUN_0054c3b0
0054c590	1052	FUN_0054c590
0054c9c0	1274	FUN_0054c9c0
0054cec0	2990	FUN_0054cec0
0054da70	5563	FUN_0054da70
0054f060	553	FUN_0054f060
0054f290	38	FUN_0054f290
0054f2f0	66	FUN_0054f2f0
0054f340	53	FUN_0054f340
0054f380	534	FUN_0054f380
0054f5a0	174	FUN_0054f5a0
0054f650	251	FUN_0054f650
0054f750	547	FUN_0054f750
0054f980	343	FUN_0054f980
0054fae0	367	FUN_0054fae0
0054fc50	201	FUN_0054fc50
0054fd20	59	FUN_0054fd20
0054fd60	356	FUN_0054fd60
0054fed0	617	FUN_0054fed0
00550140	743	FUN_00550140
00550430	242	FUN_00550430
00550530	18	FUN_00550530
00550550	29	FUN_00550550
00550570	1135	FUN_00550570
00550ad0	446	FUN_00550ad0
00550c90	100	FUN_00550c90
00550d00	1554	FUN_00550d00
00551320	533	FUN_00551320
00551540	182	FUN_00551540
00551600	96	FUN_00551600
00551660	770	FUN_00551660
00551970	291	FUN_00551970
00551aa0	12	FUN_00551aa0
00551ab0	510	FUN_00551ab0
00551e90	515	FUN_00551e90
005520e0	2861	FUN_005520e0
00552c10	1204	FUN_00552c10
005530d0	33	FUN_005530d0
00553100	121	FUN_00553100
005532b0	329	FUN_005532b0
00553400	482	FUN_00553400
005535f0	953	FUN_005535f0
005539b0	97	FUN_005539b0
00553a20	492	FUN_00553a20
00553c10	728	FUN_00553c10
00553ef0	579	FUN_00553ef0
00554140	487	FUN_00554140
00554330	86	FUN_00554330
00554390	529	FUN_00554390
005545b0	85	FUN_005545b0
00554610	86	FUN_00554610
005546c0	609	FUN_005546c0
00554930	421	FUN_00554930
00554af0	33	FUN_00554af0
00554b20	33	FUN_00554b20
00554b80	483	FUN_00554b80
00554d70	570	FUN_00554d70
00554fb0	19	FUN_00554fb0
00555280	385	FUN_00555280
00555410	134	FUN_00555410
005554a0	413	FUN_005554a0
00555640	478	FUN_00555640
00555820	647	FUN_00555820
00555ad0	1201	FUN_00555ad0
00555f90	163	FUN_00555f90
00556040	1401	FUN_00556040
005565f0	755	FUN_005565f0
00556a70	30	FUN_00556a70
00556a90	101	FUN_00556a90
00556bd0	395	FUN_00556bd0
00556ec0	127	FUN_00556ec0
00556f70	77	FUN_00556f70
00556fc0	83	FUN_00556fc0
00557030	106	FUN_00557030
005570a0	639	FUN_005570a0
00557320	200	FUN_00557320
00557430	727	FUN_00557430
00557710	445	FUN_00557710
005578d0	1038	FUN_005578d0
00557d00	1	FUN_00557d00
00557d10	1	FUN_00557d10
00557d40	54	FUN_00557d40
00557db0	319	FUN_00557db0
00557ef0	147	FUN_00557ef0
00557fc0	95	FUN_00557fc0
00558020	203	FUN_00558020
005580f0	205	FUN_005580f0
005581c0	199	FUN_005581c0
00558290	217	FUN_00558290
00558440	64	FUN_00558440
00558480	77	FUN_00558480
00558580	74	FUN_00558580
00558820	24	FUN_00558820
00558840	24	FUN_00558840
005588c0	24	FUN_005588c0
00558c20	123	FUN_00558c20
00558ce0	125	FUN_00558ce0
00558d90	137	FUN_00558d90
00558e20	93	FUN_00558e20
00558ea0	11	FUN_00558ea0
00558ee0	37	FUN_00558ee0
00558f10	1377	FUN_00558f10
00559480	49	FUN_00559480
005594c0	49	FUN_005594c0
00559540	336	FUN_00559540
0055a060	158	FUN_0055a060
0055a100	121	FUN_0055a100
0055a200	99	FUN_0055a200
0055a270	33	FUN_0055a270
0055a2a0	261	FUN_0055a2a0
0055a3b0	587	FUN_0055a3b0
0055a600	28	FUN_0055a600
0055a650	72	FUN_0055a650
0055a6a0	105	FUN_0055a6a0
0055a710	96	FUN_0055a710
0055a860	399	FUN_0055a860
0055ac40	131	FUN_0055ac40
0055acd0	20	FUN_0055acd0
0055ad40	27	FUN_0055ad40
0055ad60	55	FUN_0055ad60
0055afe0	122	FUN_0055afe0
0055b1b0	72	FUN_0055b1b0
0055b200	67	FUN_0055b200
0055b660	913	FUN_0055b660
0055ba40	243	FUN_0055ba40
0055bb40	42	FUN_0055bb40
0055bb80	63	FUN_0055bb80
0055bbe0	56	FUN_0055bbe0
0055bc40	712	FUN_0055bc40
0055bf20	744	FUN_0055bf20
0055c210	811	FUN_0055c210
0055c540	846	FUN_0055c540
0055c890	857	FUN_0055c890
0055ccc0	141	FUN_0055ccc0
0055cd50	162	FUN_0055cd50
0055ce60	604	FUN_0055ce60
0055d150	128	FUN_0055d150
0055d1d0	70	FUN_0055d1d0
0055d220	83	FUN_0055d220
0055d280	161	FUN_0055d280
0055d330	258	FUN_0055d330
0055d440	277	FUN_0055d440
0055d560	51	FUN_0055d560
0055d5a0	52	FUN_0055d5a0
0055d5e0	104	FUN_0055d5e0
0055d650	32	FUN_0055d650
0055d670	32	FUN_0055d670
0055d780	795	FUN_0055d780
0055dab0	459	FUN_0055dab0
0055dc80	70	FUN_0055dc80
0055dcd0	82	FUN_0055dcd0
0055dd30	67	FUN_0055dd30
0055dd80	67	FUN_0055dd80
0055ddd0	136	FUN_0055ddd0
0055de60	86	FUN_0055de60
0055dec0	98	FUN_0055dec0
0055df30	88	FUN_0055df30
0055dfc0	368	FUN_0055dfc0
0055e130	34	FUN_0055e130
0055e160	67	FUN_0055e160
0055e2c0	135	FUN_0055e2c0
0055e3a0	100	FUN_0055e3a0
0055e410	332	FUN_0055e410
0055e560	10	FUN_0055e560
0055e570	703	FUN_0055e570
0055e860	2338	FUN_0055e860
0055f190	11	FUN_0055f190
0055f1a0	963	FUN_0055f1a0
0055f610	575	FUN_0055f610
0055f880	465	FUN_0055f880
0055fa60	294	FUN_0055fa60
0055fc00	307	FUN_0055fc00
0055fd40	21	FUN_0055fd40
0055fd60	212	FUN_0055fd60
0055fe40	18	FUN_0055fe40
0055fe60	10	FUN_0055fe60
0055fe70	29	FUN_0055fe70
005601b0	896	FUN_005601b0
00560530	112	FUN_00560530
005605a0	34	FUN_005605a0
00560620	585	FUN_00560620
00560870	104	FUN_00560870
005608e0	34	FUN_005608e0
00560a10	1	FUN_00560a10
00560a20	1	FUN_00560a20
00560a30	194	FUN_00560a30
00560b00	10	FUN_00560b00
00560b50	10	FUN_00560b50
00560ba0	10	FUN_00560ba0
00560bb0	1	FUN_00560bb0
00560bc0	112	FUN_00560bc0
00560c30	16	FUN_00560c30
00560c40	97	FUN_00560c40
00561170	78	FUN_00561170
005611c0	172	FUN_005611c0
00561270	126	FUN_00561270
00561390	185	FUN_00561390
00561450	165	FUN_00561450
00561500	48	FUN_00561500
00561560	10	FUN_00561560
00561570	10	FUN_00561570
00561580	10	FUN_00561580
005615d0	112	FUN_005615d0
005617a0	155	FUN_005617a0
00561840	2188	FUN_00561840
00562100	202	FUN_00562100
00562210	2499	FUN_00562210
00562be0	156	FUN_00562be0
00562ce0	35	FUN_00562ce0
00562d10	11	FUN_00562d10
00562d20	11	FUN_00562d20
00562d30	1230	FUN_00562d30
005632c0	3491	FUN_005632c0
00564070	386	FUN_00564070
00564210	854	FUN_00564210
00564570	64	FUN_00564570
005645b0	10	FUN_005645b0
005645c0	6	FUN_005645c0
00564650	11	FUN_00564650
00564660	1779	FUN_00564660
00564da0	1	FUN_00564da0
00565490	1628	FUN_00565490
00566410	624	FUN_00566410
00566770	1003	FUN_00566770
00566b60	1474	FUN_00566b60
00567130	80	FUN_00567130
00567180	338	FUN_00567180
005672e0	171	FUN_005672e0
00567390	196	FUN_00567390
00567460	441	FUN_00567460
00567620	513	FUN_00567620
00567830	213	FUN_00567830
00567910	68	FUN_00567910
00567960	1320	FUN_00567960
00567ed0	57	FUN_00567ed0
00567f10	45	FUN_00567f10
00567fb0	4361	FUN_00567fb0
005690c0	4748	FUN_005690c0
0056a350	3407	FUN_0056a350
0056b0a0	234	FUN_0056b0a0
0056b190	41	FUN_0056b190
0056b1c0	2145	FUN_0056b1c0
0056ba30	558	FUN_0056ba30
0056bc60	408	FUN_0056bc60
0056be00	1689	FUN_0056be00
0056c4a0	1803	FUN_0056c4a0
0056cbb0	963	FUN_0056cbb0
0056cf80	553	FUN_0056cf80
0056d1b0	1818	FUN_0056d1b0
0056d8d0	7460	FUN_0056d8d0
0056f610	668	FUN_0056f610
0056f920	87	FUN_0056f920
0056f980	93	FUN_0056f980
0056f9e0	108	FUN_0056f9e0
0056fb50	93	FUN_0056fb50
0056fcb0	92	FUN_0056fcb0
0056fd10	70	FUN_0056fd10
0056fd80	325	FUN_0056fd80
0056fef0	145	FUN_0056fef0
0056ffb0	148	FUN_0056ffb0
00570060	2097	FUN_00570060
005708d0	238	FUN_005708d0
005709f0	649	FUN_005709f0
00570c80	4252	FUN_00570c80
00571d20	401	FUN_00571d20
00571f70	18	FUN_00571f70
00571fe0	18	FUN_00571fe0
00572000	18	FUN_00572000
00572040	10	FUN_00572040
00572050	55	FUN_00572050
00572100	157	FUN_00572100
00572490	44	FUN_00572490
005724c0	239	FUN_005724c0
005725b0	684	FUN_005725b0
00572b60	12	FUN_00572b60
00572b70	23	FUN_00572b70
00572b90	40	FUN_00572b90
00572bc0	12	FUN_00572bc0
00572bd0	10	FUN_00572bd0
00572be0	389	FUN_00572be0
00572d90	473	FUN_00572d90
005737c0	85	FUN_005737c0
00573890	528	FUN_00573890
00573e30	470	FUN_00573e30
005740a0	71	FUN_005740a0
005740f0	46	FUN_005740f0
00574120	116	FUN_00574120
00574220	73	FUN_00574220
00574270	335	FUN_00574270
00574480	4443	FUN_00574480
005755e0	3290	FUN_005755e0
00576400	3427	FUN_00576400
00577320	349	FUN_00577320
00577480	6	FUN_00577480
00577490	49	FUN_00577490
00577680	3582	FUN_00577680
005787d0	1346	FUN_005787d0
00578db0	553	FUN_00578db0
005796f0	131	FUN_005796f0
005797f0	31	FUN_005797f0
00579810	35	FUN_00579810
00579870	37	FUN_00579870
005798a0	45	FUN_005798a0
005798d0	781	FUN_005798d0
00579bf0	1025	FUN_00579bf0
0057a000	1093	FUN_0057a000
0057a450	2755	FUN_0057a450
0057af30	43	FUN_0057af30
0057af60	2312	FUN_0057af60
0057b880	181	FUN_0057b880
0057b940	1239	FUN_0057b940
0057be20	321	FUN_0057be20
0057bf90	84	FUN_0057bf90
0057c050	93	FUN_0057c050
0057c0b0	125	FUN_0057c0b0
0057c130	104	FUN_0057c130
0057c1a0	1169	FUN_0057c1a0
0057c640	580	FUN_0057c640
0057c890	3006	FUN_0057c890
0057d4a0	115	FUN_0057d4a0
0057d520	126	FUN_0057d520
0057d5a0	89	FUN_0057d5a0
0057d600	81	FUN_0057d600
0057d660	78	FUN_0057d660
0057d700	75	FUN_0057d700
0057d750	75	FUN_0057d750
0057d8b0	1135	FUN_0057d8b0
0057dd70	596	FUN_0057dd70
0057dfd0	502	FUN_0057dfd0
0057e1d0	1226	FUN_0057e1d0
0057e6a0	601	FUN_0057e6a0
0057e920	55	FUN_0057e920
0057e960	2249	FUN_0057e960
0057f230	317	FUN_0057f230
0057f3e0	100	FUN_0057f3e0
0057f450	1483	FUN_0057f450
0057fa50	110	FUN_0057fa50
0057fac0	1588	FUN_0057fac0
00580130	338	FUN_00580130
00580330	477	FUN_00580330
00580520	81	FUN_00580520
00580580	158	FUN_00580580
00580690	1604	FUN_00580690
00580ce0	325	FUN_00580ce0
00580e30	1383	FUN_00580e30
005813b0	473	FUN_005813b0
00581590	403	FUN_00581590
00581730	415	FUN_00581730
005818d0	81	FUN_005818d0
005819e0	315	FUN_005819e0
00581b20	382	FUN_00581b20
00581ca0	297	FUN_00581ca0
00581e10	156	FUN_00581e10
00581ec0	2006	FUN_00581ec0
005829c0	1984	FUN_005829c0
00583200	737	FUN_00583200
005834f0	33	FUN_005834f0
00583520	61	FUN_00583520
005835b0	233	FUN_005835b0
005836a0	184	FUN_005836a0
00583800	183	FUN_00583800
00583910	95	FUN_00583910
00583980	48	FUN_00583980
005839c0	1315	FUN_005839c0
00583f00	10	FUN_00583f00
00583f30	44	FUN_00583f30
00583f60	631	FUN_00583f60
005841f0	121	FUN_005841f0
00584270	133	FUN_00584270
00584300	696	FUN_00584300
005845c0	63	FUN_005845c0
00584600	368	FUN_00584600
00584780	175	FUN_00584780
00584870	182	FUN_00584870
00584930	10	FUN_00584930
00584940	373	FUN_00584940
00584ac0	74	FUN_00584ac0
00584b10	161	FUN_00584b10
00584cb0	249	FUN_00584cb0
00584e60	155	FUN_00584e60
00584f00	83	FUN_00584f00
00584f60	179	FUN_00584f60
00585040	10	FUN_00585040
00585070	2445	FUN_00585070
00585a10	895	FUN_00585a10
00585da0	26	FUN_00585da0
00585dc0	57	FUN_00585dc0
00585e00	17	FUN_00585e00
00585e20	188	FUN_00585e20
00585ee0	176	FUN_00585ee0
00585fa0	1991	FUN_00585fa0
005867a0	201	FUN_005867a0
00586870	2836	FUN_00586870
005873a0	1436	FUN_005873a0
00587950	3383	FUN_00587950
005886a0	419	FUN_005886a0
00588850	928	FUN_00588850
00588c70	1	FUN_00588c70
00588c90	54	FUN_00588c90
00588cd0	147	FUN_00588cd0
00588d90	183	FUN_00588d90
00588e50	183	FUN_00588e50
00589050	95	FUN_00589050
00589130	113	FUN_00589130
005891b0	174	FUN_005891b0
00589260	201	FUN_00589260
00589330	160	FUN_00589330
005893f0	3	FUN_005893f0
00589400	3	FUN_00589400
00589410	3	FUN_00589410
00589420	5	FUN_00589420
00589430	5	FUN_00589430
00589440	3	FUN_00589440
00589450	3	FUN_00589450
00589460	3	FUN_00589460
00589470	1	FUN_00589470
00589480	1	FUN_00589480
00589490	1	FUN_00589490
005894a0	1	FUN_005894a0
005894b0	3	FUN_005894b0
005894c0	3	FUN_005894c0
005894d0	3	FUN_005894d0
005894e0	3	FUN_005894e0
005894f0	3	FUN_005894f0
00589500	1	FUN_00589500
00589510	1	FUN_00589510
00589520	3	FUN_00589520
00589530	5	FUN_00589530
00589540	1	FUN_00589540
00589550	31	FUN_00589550
00589590	50	FUN_00589590
00589670	39	FUN_00589670
005896a0	1	FUN_005896a0
00589720	455	FUN_00589720
00589920	2110	FUN_00589920
0058a1e0	81	FUN_0058a1e0
0058a240	99	FUN_0058a240
0058a2b0	211	FUN_0058a2b0
0058a390	92	FUN_0058a390
0058a3f0	3	FUN_0058a3f0
0058a400	3	FUN_0058a400
0058a410	1	FUN_0058a410
0058a420	1	FUN_0058a420
0058a470	351	FUN_0058a470
0058a5f0	621	FUN_0058a5f0
0058a880	1323	FUN_0058a880
0058adb0	1	FUN_0058adb0
0058adc0	94	FUN_0058adc0
0058ae20	223	FUN_0058ae20
0058af00	86	FUN_0058af00
0058af60	259	FUN_0058af60
0058b0b0	52	FUN_0058b0b0
0058b0f0	48	FUN_0058b0f0
0058b120	260	FUN_0058b120
0058b230	57	FUN_0058b230
0058b270	86	FUN_0058b270
0058b2d0	70	FUN_0058b2d0
0058b320	73	FUN_0058b320
0058b3c0	103	FUN_0058b3c0
0058b430	107	FUN_0058b430
0058b4a0	79	FUN_0058b4a0
0058b6d0	16	FUN_0058b6d0
0058b6e0	79	FUN_0058b6e0
0058b730	56	FUN_0058b730
0058b7b0	304	FUN_0058b7b0
0058b970	81	FUN_0058b970
0058ba30	809	FUN_0058ba30
0058bd60	422	FUN_0058bd60
0058bf70	377	FUN_0058bf70
0058c100	423	FUN_0058c100
0058c2d0	312	FUN_0058c2d0
0058c440	101	FUN_0058c440
0058c4b0	55	FUN_0058c4b0
0058c4f0	107	FUN_0058c4f0
0058c560	1478	FUN_0058c560
0058cb50	73	FUN_0058cb50
0058cba0	18	FUN_0058cba0
0058cbc0	19	FUN_0058cbc0
0058cbf0	1	FUN_0058cbf0
0058cc00	3744	FUN_0058cc00
0058dad0	520	FUN_0058dad0
0058dce0	255	FUN_0058dce0
0058df00	572	FUN_0058df00
0058e140	393	FUN_0058e140
0058e330	993	FUN_0058e330
0058e6f0	177	FUN_0058e6f0
0058e7b0	66	FUN_0058e7b0
0058e800	196	FUN_0058e800
0058e8d0	1125	FUN_0058e8d0
0058ed40	58	FUN_0058ed40
0058ed80	634	FUN_0058ed80
0058f000	59	FUN_0058f000
0058f070	31	FUN_0058f070
0058f090	31	FUN_0058f090
0058f0b0	347	FUN_0058f0b0
0058f250	243	FUN_0058f250
0058f350	345	FUN_0058f350
0058f4b0	35	FUN_0058f4b0
0058f540	244	FUN_0058f540
0058f640	34	FUN_0058f640
0058f670	72	FUN_0058f670
0058f6c0	17	FUN_0058f6c0
0058f6e0	10	FUN_0058f6e0
0058f6f0	98	FUN_0058f6f0
0058f760	19	FUN_0058f760
0058f780	83	FUN_0058f780
0058f7e0	26	FUN_0058f7e0
0058f800	19	FUN_0058f800
0058f820	120	FUN_0058f820
0058f8a0	251	FUN_0058f8a0
0058f9a0	10	FUN_0058f9a0
0058f9b0	10	FUN_0058f9b0
0058f9c0	80	FUN_0058f9c0
0058fa10	63	FUN_0058fa10
0058fa50	31	FUN_0058fa50
0058fa70	50	FUN_0058fa70
0058fab0	89	FUN_0058fab0
0058fb10	21	FUN_0058fb10
0058fb30	109	FUN_0058fb30
0058fba0	17	FUN_0058fba0
0058fbc0	63	FUN_0058fbc0
0058fc00	29	FUN_0058fc00
0058fc20	77	FUN_0058fc20
0058fc70	110	FUN_0058fc70
0058fce0	20	FUN_0058fce0
0058fd00	40	FUN_0058fd00
0058fd30	102	FUN_0058fd30
0058fda0	12	FUN_0058fda0
0058fdb0	66	FUN_0058fdb0
0058fe00	172	FUN_0058fe00
0058feb0	166	FUN_0058feb0
0058ff60	14	FUN_0058ff60
0058ff70	99	FUN_0058ff70
0058ffe0	158	FUN_0058ffe0
00590090	16	FUN_00590090
005900a0	153	FUN_005900a0
00590140	283	FUN_00590140
00590260	83	FUN_00590260
005902c0	21	FUN_005902c0
005902e0	21	FUN_005902e0
00590300	22	FUN_00590300
00590320	558	FUN_00590320
00590550	5	FUN_00590550
00590560	40	FUN_00590560
00590590	68	FUN_00590590
005905e0	33	FUN_005905e0
00590610	57	FUN_00590610
00590650	48	FUN_00590650
00590680	42	FUN_00590680
005906b0	149	FUN_005906b0
00590750	148	FUN_00590750
005907f0	17	FUN_005907f0
00590810	18	FUN_00590810
00590830	109	FUN_00590830
005908a0	119	FUN_005908a0
00590920	40	FUN_00590920
00590950	22	FUN_00590950
00590970	17	FUN_00590970
00590990	23	FUN_00590990
005909b0	39	FUN_005909b0
005909e0	396	FUN_005909e0
00590b70	25	AtlAlignUp<int>
00590b90	40	FUN_00590b90
00590bc0	1	FUN_00590bc0
00590c80	14	FUN_00590c80
00590c90	14	FUN_00590c90
00590ca0	329	FUN_00590ca0
00590df0	296	FUN_00590df0
00590f20	284	FUN_00590f20
00591040	585	FUN_00591040
00591290	20	FUN_00591290
005912b0	8	FUN_005912b0
005912c0	3	FUN_005912c0
005912d0	3	FUN_005912d0
005912e0	3	FUN_005912e0
005912f0	3	FUN_005912f0
00591300	3	FUN_00591300
00591310	3	FUN_00591310
00591320	3	FUN_00591320
00591330	3	FUN_00591330
00591340	3	FUN_00591340
00591350	7	FUN_00591350
00591360	62	FUN_00591360
005913b0	31	FUN_005913b0
005913d0	55	FUN_005913d0
00591410	48	FUN_00591410
005914c0	97	FUN_005914c0
00591530	78	FUN_00591530
00591580	126	FUN_00591580
00591600	71	FUN_00591600
00591650	72	FUN_00591650
005916a0	362	FUN_005916a0
00591810	126	FUN_00591810
00591890	126	FUN_00591890
00591910	126	FUN_00591910
00591a50	53	FUN_00591a50
00591b20	60	FUN_00591b20
00591bc0	85	FUN_00591bc0
00591c70	85	FUN_00591c70
00591d20	74	FUN_00591d20
00591df0	74	FUN_00591df0
00591f90	90	FUN_00591f90
00592080	788	FUN_00592080
005923a0	31	FUN_005923a0
005924b0	210	FUN_005924b0
005925a0	78	FUN_005925a0
005925f0	78	FUN_005925f0
00592640	81	FUN_00592640
005926a0	66	FUN_005926a0
005926f0	69	FUN_005926f0
00592740	69	FUN_00592740
00592790	157	FUN_00592790
00592840	39	FUN_00592840
00592870	183	FUN_00592870
00592930	139	FUN_00592930
005929c0	79	FUN_005929c0
00592b00	487	FUN_00592b00
00592d30	112	FUN_00592d30
00592df0	83	FUN_00592df0
00592eb0	149	FUN_00592eb0
00592f50	83	FUN_00592f50
00592fb0	108	FUN_00592fb0
00593020	82	FUN_00593020
00593080	151	FUN_00593080
00593120	89	FUN_00593120
00593180	42	FUN_00593180
005931b0	47	FUN_005931b0
005931e0	60	FUN_005931e0
00593220	60	FUN_00593220
00593260	42	FUN_00593260
005934c0	159	FUN_005934c0
00593570	135	FUN_00593570
00593600	1843	FUN_00593600
00594130	120	FUN_00594130
005941c0	5	FUN_005941c0
005941d0	5	FUN_005941d0
005941e0	80	FUN_005941e0
00594230	58	FUN_00594230
00594270	74	FUN_00594270
005942c0	312	FUN_005942c0
00594420	384	FUN_00594420
005945a0	94	FUN_005945a0
00594690	42	FUN_00594690
005946c0	468	FUN_005946c0
005948a0	262	FUN_005948a0
005949d0	50	FUN_005949d0
00594a10	838	FUN_00594a10
00594dc0	386	FUN_00594dc0
00594f50	225	FUN_00594f50
005950a0	105	FUN_005950a0
00595130	61	FUN_00595130
00595170	11	FUN_00595170
00595180	33	FUN_00595180
005951b0	24	FUN_005951b0
005951d0	5	FUN_005951d0
005951e0	410	FUN_005951e0
005953a0	82	FUN_005953a0
00595520	136	FUN_00595520
005955b0	177	FUN_005955b0
00595670	666	FUN_00595670
00595910	271	FUN_00595910
00595a20	377	FUN_00595a20
00595ba0	730	FUN_00595ba0
00595e80	1	FUN_00595e80
00595e90	1	FUN_00595e90
00595ec0	54	FUN_00595ec0
00595f00	147	FUN_00595f00
00595fb0	54	FUN_00595fb0
00595ff0	35	FUN_00595ff0
00596020	10	FUN_00596020
00596030	6	FUN_00596030
00596040	111	FUN_00596040
005960e0	75	FUN_005960e0
00596130	80	FUN_00596130
00596180	103	FUN_00596180
005961f0	29	FUN_005961f0
00596210	492	FUN_00596210
00596400	1190	FUN_00596400
005968b0	169	FUN_005968b0
00596960	1448	FUN_00596960
00596f10	363	FUN_00596f10
00597080	2571	FUN_00597080
00597a90	715	FUN_00597a90
00597d60	76	FUN_00597d60
00597db0	90	FUN_00597db0
00597e10	79	FUN_00597e10
00597e60	336	FUN_00597e60
00597fc0	72	FUN_00597fc0
00598010	82	FUN_00598010
00598070	105	FUN_00598070
005980e0	73	FUN_005980e0
00598130	137	FUN_00598130
005981c0	104	FUN_005981c0
00598230	10	FUN_00598230
00598240	2873	FUN_00598240
00598d80	125	FUN_00598d80
00598e00	176	FUN_00598e00
00598eb0	167	FUN_00598eb0
00598f60	197	FUN_00598f60
00599090	53	FUN_00599090
005990d0	389	FUN_005990d0
00599260	233	FUN_00599260
00599350	3317	FUN_00599350
0059a050	41	FUN_0059a050
0059a080	72	FUN_0059a080
0059a0d0	60	FUN_0059a0d0
0059a110	338	FUN_0059a110
0059a270	68	FUN_0059a270
0059a2c0	171	FUN_0059a2c0
0059a370	852	FUN_0059a370
0059a730	59	FUN_0059a730
0059a770	43	FUN_0059a770
0059a7a0	79	FUN_0059a7a0
0059a7f0	79	FUN_0059a7f0
0059a890	609	FUN_0059a890
0059ab00	1809	FUN_0059ab00
0059b220	114	FUN_0059b220
0059b2a0	97	FUN_0059b2a0
0059b310	85	FUN_0059b310
0059b370	76	FUN_0059b370
0059b3c0	68	FUN_0059b3c0
0059b480	20	FUN_0059b480
0059b4a0	112	FUN_0059b4a0
0059b540	35	FUN_0059b540
0059b570	54	FUN_0059b570
0059b5b0	44	FUN_0059b5b0
0059b5e0	92	FUN_0059b5e0
0059b640	206	FUN_0059b640
0059b710	325	FUN_0059b710
0059b860	291	FUN_0059b860
0059b990	2611	FUN_0059b990
0059c3d0	82	FUN_0059c3d0
0059c430	20	FUN_0059c430
0059c450	37	FUN_0059c450
0059c4b0	127	FUN_0059c4b0
0059c530	97	FUN_0059c530
0059c5a0	876	FUN_0059c5a0
0059c910	541	FUN_0059c910
0059cb80	6	FUN_0059cb80
0059cb90	15	FUN_0059cb90
0059cba0	29	FUN_0059cba0
0059cbc0	1	FUN_0059cbc0
0059cbd0	10	FUN_0059cbd0
0059cbe0	10	FUN_0059cbe0
0059cc30	78	FUN_0059cc30
0059cc80	293	FUN_0059cc80
0059cdb0	62	FUN_0059cdb0
0059cdf0	91	FUN_0059cdf0
0059ce50	130	FUN_0059ce50
0059cf30	59	FUN_0059cf30
0059d010	16	FUN_0059d010
0059d1a0	170	FUN_0059d1a0
0059d250	127	FUN_0059d250
0059d2d0	59	FUN_0059d2d0
0059d310	59	FUN_0059d310
0059d350	59	FUN_0059d350
0059d390	44	FUN_0059d390
0059d3c0	44	FUN_0059d3c0
0059d3f0	21	FUN_0059d3f0
0059d410	21	FUN_0059d410
0059d430	193	FUN_0059d430
0059d6a0	49	FUN_0059d6a0
0059d6e0	25	FUN_0059d6e0
0059d700	58	FUN_0059d700
0059d770	62	FUN_0059d770
0059d7b0	6	FUN_0059d7b0
0059d7c0	119	FUN_0059d7c0
0059d840	6	FUN_0059d840
0059d850	169	FUN_0059d850
0059d900	544	FUN_0059d900
0059db20	173	FUN_0059db20
0059dbd0	161	FUN_0059dbd0
0059dc80	132	FUN_0059dc80
0059dd10	392	FUN_0059dd10
0059dea0	279	FUN_0059dea0
0059dfc0	141	FUN_0059dfc0
0059e070	262	FUN_0059e070
0059e210	2081	FUN_0059e210
0059ee70	144	FUN_0059ee70
0059ef00	76	FUN_0059ef00
0059ef90	23	FUN_0059ef90
0059efb0	124	FUN_0059efb0
0059f030	98	FUN_0059f030
0059f0a0	157	FUN_0059f0a0
0059f160	34	FUN_0059f160
0059f190	50	FUN_0059f190
0059f1d0	141	FUN_0059f1d0
0059f260	32	FUN_0059f260
0059f280	45	FUN_0059f280
0059f2b0	27	FUN_0059f2b0
0059f2d0	76	FUN_0059f2d0
0059f340	21	FUN_0059f340
0059f380	59	FUN_0059f380
0059f3c0	110	FUN_0059f3c0
0059f430	123	FUN_0059f430
0059f4b0	36	FUN_0059f4b0
0059f4e0	224	FUN_0059f4e0
0059f5c0	183	FUN_0059f5c0
0059f6d0	499	FUN_0059f6d0
0059f8d0	185	FUN_0059f8d0
0059f9a0	437	FUN_0059f9a0
0059fb60	796	FUN_0059fb60
0059fe80	206	FUN_0059fe80
0059ff50	221	FUN_0059ff50
005a0030	122	FUN_005a0030
005a00b0	331	FUN_005a00b0
005a0200	244	FUN_005a0200
005a0300	181	FUN_005a0300
005a03c0	73	FUN_005a03c0
005a0410	69	FUN_005a0410
005a0460	121	FUN_005a0460
005a0550	53	FUN_005a0550
005a0590	209	FUN_005a0590
005a0670	135	FUN_005a0670
005a0700	110	FUN_005a0700
005a0770	11	FUN_005a0770
005a0830	108	FUN_005a0830
005a08a0	187	FUN_005a08a0
005a0960	374	FUN_005a0960
005a0af0	717	FUN_005a0af0
005a0dc0	82	FUN_005a0dc0
005a0e20	1	FUN_005a0e20
005a0e30	1	FUN_005a0e30
005a0e40	346	FUN_005a0e40
005a0fa0	147	FUN_005a0fa0
005a1060	46	FUN_005a1060
005a1090	97	FUN_005a1090
005a1100	1193	FUN_005a1100
005a15b0	30	FUN_005a15b0
005a15d0	119	FUN_005a15d0
005a1720	78	FUN_005a1720
005a1770	1583	FUN_005a1770
005a1db0	128	FUN_005a1db0
005a1e30	375	FUN_005a1e30
005a1fb0	44	FUN_005a1fb0
005a1fe0	498	FUN_005a1fe0
005a21e0	301	FUN_005a21e0
005a2310	186	FUN_005a2310
005a23d0	138	FUN_005a23d0
005a2460	102	FUN_005a2460
005a24d0	37	FUN_005a24d0
005a2500	122	FUN_005a2500
005a25c0	123	FUN_005a25c0
005a2640	163	FUN_005a2640
005a26f0	205	FUN_005a26f0
005a27c0	298	FUN_005a27c0
005a28f0	60	FUN_005a28f0
005a2970	147	FUN_005a2970
005a2a40	49	FUN_005a2a40
005a2a80	117	FUN_005a2a80
005a2b30	243	FUN_005a2b30
005a2c30	113	FUN_005a2c30
005a2cb0	17	FUN_005a2cb0
005a2cd0	63	FUN_005a2cd0
005a2d10	66	FUN_005a2d10
005a2d60	40	FUN_005a2d60
005a2d90	54	FUN_005a2d90
005a2dd0	146	FUN_005a2dd0
005a2e70	90	FUN_005a2e70
005a2ed0	108	FUN_005a2ed0
005a2f40	106	FUN_005a2f40
005a2fb0	106	FUN_005a2fb0
005a3020	212	FUN_005a3020
005a3100	91	FUN_005a3100
005a3160	242	FUN_005a3160
005a3290	595	FUN_005a3290
005a34f0	32	FUN_005a34f0
005a3510	1070	FUN_005a3510
005a3940	99	FUN_005a3940
005a39b0	227	FUN_005a39b0
005a3aa0	147	FUN_005a3aa0
005a3b70	105	FUN_005a3b70
005a3c30	31	FUN_005a3c30
005a3c70	3	FUN_005a3c70
005a3c80	31	FUN_005a3c80
005a3cc0	6	FUN_005a3cc0
005a3cd0	31	FUN_005a3cd0
005a3d10	6	FUN_005a3d10
005a3d20	31	FUN_005a3d20
005a3d60	6	FUN_005a3d60
005a3d70	31	FUN_005a3d70
005a3db0	6	FUN_005a3db0
005a3dc0	31	FUN_005a3dc0
005a3e00	6	FUN_005a3e00
005a3e10	31	FUN_005a3e10
005a3e50	6	FUN_005a3e50
005a3e60	31	FUN_005a3e60
005a3ef0	98	FUN_005a3ef0
005a3f60	475	FUN_005a3f60
005a4140	39	FUN_005a4140
005a4170	87	FUN_005a4170
005a41d0	572	FUN_005a41d0
005a4410	159	FUN_005a4410
005a44b0	43	FUN_005a44b0
005a44e0	275	FUN_005a44e0
005a4600	17	FUN_005a4600
005a4620	143	FUN_005a4620
005a46b0	69	FUN_005a46b0
005a4700	117	FUN_005a4700
005a4780	157	FUN_005a4780
005a4820	35	FUN_005a4820
005a4850	1417	FUN_005a4850
005a4de0	570	FUN_005a4de0
005a5020	402	FUN_005a5020
005a51e0	154	FUN_005a51e0
005a5280	167	FUN_005a5280
005a5330	318	FUN_005a5330
005a5470	160	FUN_005a5470
005a5510	681	FUN_005a5510
005a57d0	437	FUN_005a57d0
005a5990	14	FUN_005a5990
005a59a0	6	FUN_005a59a0
005a59b0	247	FUN_005a59b0
005a5ab0	6	FUN_005a5ab0
005a5ac0	114	FUN_005a5ac0
005a5b50	621	FUN_005a5b50
005a5dc0	482	FUN_005a5dc0
005a5fb0	159	FUN_005a5fb0
005a6050	248	FUN_005a6050
005a6150	591	FUN_005a6150
005a63b0	1	FUN_005a63b0
005a63e0	147	FUN_005a63e0
005a64b0	106	FUN_005a64b0
005a6520	35	FUN_005a6520
005a6550	65	FUN_005a6550
005a65a0	402	FUN_005a65a0
005a6750	887	FUN_005a6750
005a6ae0	57	FUN_005a6ae0
005a6b20	586	FUN_005a6b20
005a6d70	128	FUN_005a6d70
005a6e40	255	FUN_005a6e40
005a7010	203	FUN_005a7010
005a70e0	92	FUN_005a70e0
005a7140	204	FUN_005a7140
005a7310	180	FUN_005a7310
005a73d0	827	FUN_005a73d0
005a78f0	115	FUN_005a78f0
005a7970	442	FUN_005a7970
005a7b30	128	FUN_005a7b30
005a7bb0	17	FUN_005a7bb0
005a7bd0	167	FUN_005a7bd0
005a7c80	50	FUN_005a7c80
005a7cc0	94	FUN_005a7cc0
005a7d20	86	FUN_005a7d20
005a7dd0	112	FUN_005a7dd0
005a8400	2173	FUN_005a8400
005a8cb0	147	FUN_005a8cb0
005a91b0	242	FUN_005a91b0
005a92b0	215	FUN_005a92b0
005a9390	399	FUN_005a9390
005a9520	269	FUN_005a9520
005a9640	190	FUN_005a9640
005a9700	302	FUN_005a9700
005a9830	38	FUN_005a9830
005a9860	588	FUN_005a9860
005a9ab0	200	FUN_005a9ab0
005a9b80	184	FUN_005a9b80
005a9c40	103	FUN_005a9c40
005a9cb0	68	FUN_005a9cb0
005a9d00	634	FUN_005a9d00
005aa000	362	FUN_005aa000
005aa1f0	187	FUN_005aa1f0
005aa2b0	191	FUN_005aa2b0
005aa370	2142	FUN_005aa370
005aabd0	112	FUN_005aabd0
005aadf0	129	FUN_005aadf0
005aae80	186	FUN_005aae80
005aaf40	2281	FUN_005aaf40
005ab950	119	FUN_005ab950
005ab9d0	69	FUN_005ab9d0
005aba20	181	FUN_005aba20
005abae0	46	FUN_005abae0
005abb10	183	FUN_005abb10
005abbd0	532	FUN_005abbd0
005abdf0	304	FUN_005abdf0
005abf20	67	FUN_005abf20
005abf70	404	FUN_005abf70
005ac110	101	FUN_005ac110
005ac180	6524	FUN_005ac180
005adb00	83	FUN_005adb00
005adb60	260	FUN_005adb60
005adc70	471	FUN_005adc70
005ade50	21	FUN_005ade50
005ade70	55	FUN_005ade70
005adeb0	95	FUN_005adeb0
005adf10	113	FUN_005adf10
005adfc0	54	FUN_005adfc0
005ae000	147	FUN_005ae000
005ae0d0	95	FUN_005ae0d0
005ae160	25	FUN_005ae160
005ae190	61	FUN_005ae190
005ae1d0	104	FUN_005ae1d0
005ae240	64	FUN_005ae240
005ae280	94	FUN_005ae280
005ae2e0	130	FUN_005ae2e0
005ae370	101	FUN_005ae370
005ae3e0	165	FUN_005ae3e0
005ae490	238	FUN_005ae490
005ae5c0	126	FUN_005ae5c0
005ae640	119	FUN_005ae640
005ae6c0	124	FUN_005ae6c0
005ae740	38	FUN_005ae740
005ae770	133	FUN_005ae770
005ae800	124	FUN_005ae800
005ae950	75	FUN_005ae950
005ae9a0	126	FUN_005ae9a0
005aea20	271	FUN_005aea20
005aeb30	209	FUN_005aeb30
005aec10	329	FUN_005aec10
005aed70	257	FUN_005aed70
005aee80	97	FUN_005aee80
005aef70	81	FUN_005aef70
005aefd0	305	FUN_005aefd0
005af110	181	FUN_005af110
005af1d0	298	FUN_005af1d0
005af300	560	FUN_005af300
005af530	145	FUN_005af530
005af5d0	68	FUN_005af5d0
005af700	215	FUN_005af700
005af7e0	136	FUN_005af7e0
005af870	74	FUN_005af870
005af8c0	380	FUN_005af8c0
005afa40	505	FUN_005afa40
005afc40	106	FUN_005afc40
005afcb0	838	FUN_005afcb0
005b0000	205	FUN_005b0000
005b00d0	153	FUN_005b00d0
005b0170	915	FUN_005b0170
005b0510	374	FUN_005b0510
005b0690	619	FUN_005b0690
005b0900	1269	FUN_005b0900
005b0e00	317	FUN_005b0e00
005b0f40	71	FUN_005b0f40
005b0f90	169	FUN_005b0f90
005b1040	181	FUN_005b1040
005b1100	234	FUN_005b1100
005b11f0	134	FUN_005b11f0
005b1280	60	FUN_005b1280
005b13c0	316	FUN_005b13c0
005b1500	13	FUN_005b1500
005b1510	238	FUN_005b1510
005b1600	119	FUN_005b1600
005b1680	255	FUN_005b1680
005b1780	229	FUN_005b1780
005b1870	108	FUN_005b1870
005b18e0	91	FUN_005b18e0
005b1940	1286	FUN_005b1940
005b1e50	107	FUN_005b1e50
005b1ec0	775	FUN_005b1ec0
005b21d0	252	FUN_005b21d0
005b22d0	236	FUN_005b22d0
005b23c0	177	FUN_005b23c0
005b2480	369	FUN_005b2480
005b2890	430	FUN_005b2890
005b2a40	229	FUN_005b2a40
005b2b30	83	FUN_005b2b30
005b2b90	28	FUN_005b2b90
005b2bb0	106	FUN_005b2bb0
005b2c20	156	FUN_005b2c20
005b2cd0	1	FUN_005b2cd0
005b2d00	147	FUN_005b2d00
005b2df0	146	FUN_005b2df0
005b2e90	205	FUN_005b2e90
005b2f60	59	FUN_005b2f60
005b2ff0	252	FUN_005b2ff0
005b3a90	568	FUN_005b3a90
005b3d70	562	FUN_005b3d70
005b3fe0	133	FUN_005b3fe0
005b4150	286	FUN_005b4150
005b4270	740	FUN_005b4270
005b4590	73	FUN_005b4590
005b45e0	183	FUN_005b45e0
005b46a0	453	FUN_005b46a0
005b4870	344	FUN_005b4870
005b49d0	331	FUN_005b49d0
005b4b20	237	FUN_005b4b20
005b4c50	361	FUN_005b4c50
005b4e40	587	FUN_005b4e40
005b50e0	329	FUN_005b50e0
005b5230	138	FUN_005b5230
005b5900	207	FUN_005b5900
005b59e0	214	FUN_005b59e0
005b5ae0	2264	FUN_005b5ae0
005b63c0	1081	FUN_005b63c0
005b6800	446	FUN_005b6800
005b69d0	148	FUN_005b69d0
005b6c50	147	FUN_005b6c50
005b6d60	931	FUN_005b6d60
005b7110	86	FUN_005b7110
005b7350	50	FUN_005b7350
005b7390	321	FUN_005b7390
005b76b0	21	FUN_005b76b0
005b76d0	148	FUN_005b76d0
005b7770	137	FUN_005b7770
005b7800	59	FUN_005b7800
005b7840	180	FUN_005b7840
005b7900	179	FUN_005b7900
005b79c0	2363	FUN_005b79c0
005b8370	31	FUN_005b8370
005b8990	45	FUN_005b8990
005b89c0	19	FUN_005b89c0
005b89e0	56	FUN_005b89e0
005b8a20	242	FUN_005b8a20
005b8b20	148	FUN_005b8b20
005b8be0	92	FUN_005b8be0
005b8e20	163	FUN_005b8e20
005b8ed0	77	FUN_005b8ed0
005b8f20	25	FUN_005b8f20
005b8f40	25	FUN_005b8f40
005b9070	296	FUN_005b9070
005b98a0	286	FUN_005b98a0
005b9aa0	55	FUN_005b9aa0
005b9e50	147	FUN_005b9e50
005b9f20	172	FUN_005b9f20
005ba330	119	FUN_005ba330
005ba400	48	FUN_005ba400
005ba4f0	64	FUN_005ba4f0
005ba530	231	FUN_005ba530
005bac60	44	FUN_005bac60
005bac90	17	FUN_005bac90
005bada0	176	FUN_005bada0
005baed0	272	FUN_005baed0
005bafe0	122	FUN_005bafe0
005bb0a0	253	FUN_005bb0a0
005bb620	1071	FUN_005bb620
005bba50	1	FUN_005bba50
005bba60	1	FUN_005bba60
005bba90	35	FUN_005bba90
005bbaf0	67	FUN_005bbaf0
005bbb40	648	FUN_005bbb40
005bbdd0	289	FUN_005bbdd0
005bbf10	89	FUN_005bbf10
005bbf70	89	FUN_005bbf70
005bbfd0	105	FUN_005bbfd0
005bc040	94	FUN_005bc040
005bc0a0	132	FUN_005bc0a0
005bc130	116	FUN_005bc130
005bc1b0	97	FUN_005bc1b0
005bc220	97	FUN_005bc220
005bc290	97	FUN_005bc290
005bc300	97	FUN_005bc300
005bc370	85	FUN_005bc370
005bc430	112	FUN_005bc430
005bc4a0	202	FUN_005bc4a0
005bc570	245	FUN_005bc570
005bc670	52	FUN_005bc670
005bc6b0	66	FUN_005bc6b0
005bc700	70	FUN_005bc700
005bc7a0	92	FUN_005bc7a0
005bc800	107	FUN_005bc800
005bc870	60	FUN_005bc870
005bc8b0	49	FUN_005bc8b0
005bc8f0	136	FUN_005bc8f0
005bced0	144	FUN_005bced0
005bcf60	89	FUN_005bcf60
005bcfc0	345	FUN_005bcfc0
005bd130	118	FUN_005bd130
005bd1e0	74	FUN_005bd1e0
005bd230	151	FUN_005bd230
005bd2d0	423	FUN_005bd2d0
005bd480	169	FUN_005bd480
005bd5b0	137	FUN_005bd5b0
005bd640	146	FUN_005bd640
005bd740	573	FUN_005bd740
005bdb90	135	FUN_005bdb90
005bdc20	13	FUN_005bdc20
005bdc30	16	FUN_005bdc30
005bdc40	79	FUN_005bdc40
005bdc90	64	FUN_005bdc90
005bdcd0	49	FUN_005bdcd0
005bdd10	175	FUN_005bdd10
005bddc0	152	FUN_005bddc0
005bde60	87	FUN_005bde60
005bdec0	24	FUN_005bdec0
005bdee0	76	FUN_005bdee0
005bdf70	55	FUN_005bdf70
005bdfb0	47	FUN_005bdfb0
005bdfe0	192	FUN_005bdfe0
005be100	416	FUN_005be100
005be2a0	84	FUN_005be2a0
005be300	155	FUN_005be300
005be3a0	525	FUN_005be3a0
005be5d0	147	FUN_005be5d0
005be6a0	42	FUN_005be6a0
005be6d0	111	FUN_005be6d0
005be740	212	FUN_005be740
005be820	331	FUN_005be820
005be980	142	FUN_005be980
005bea10	129	FUN_005bea10
005beaa0	82	FUN_005beaa0
005beb00	240	FUN_005beb00
005bebf0	41	FUN_005bebf0
005bec20	179	FUN_005bec20
005bece0	585	FUN_005bece0
005bef30	206	FUN_005bef30
005bf000	233	FUN_005bf000
005bf0f0	197	FUN_005bf0f0
005bf1c0	1078	FUN_005bf1c0
005bf600	3249	FUN_005bf600
005c02c0	121	FUN_005c02c0
005c0340	371	FUN_005c0340
005c04c0	1274	FUN_005c04c0
005c09c0	45	FUN_005c09c0
005c09f0	1333	FUN_005c09f0
005c0f70	25	FUN_005c0f70
005c0f90	530	FUN_005c0f90
005c11d0	147	FUN_005c11d0
005c12a0	1028	FUN_005c12a0
005c16b0	120	FUN_005c16b0
005c1730	295	FUN_005c1730
005c1860	67	FUN_005c1860
005c18b0	59	FUN_005c18b0
005c18f0	205	FUN_005c18f0
005c19c0	217	FUN_005c19c0
005c1aa0	105	FUN_005c1aa0
005c1b10	99	FUN_005c1b10
005c1b80	313	FUN_005c1b80
005c1cc0	81	FUN_005c1cc0
005c1d20	85	FUN_005c1d20
005c1d80	912	FUN_005c1d80
005c2250	2274	FUN_005c2250
005c2bb0	45	FUN_005c2bb0
005c2be0	51	FUN_005c2be0
005c2c20	67	FUN_005c2c20
005c2c70	102	FUN_005c2c70
005c2d10	118	FUN_005c2d10
005c2d90	51	FUN_005c2d90
005c2dd0	51	FUN_005c2dd0
005c2e10	51	FUN_005c2e10
005c2e50	118	FUN_005c2e50
005c2ed0	510	FUN_005c2ed0
005c30e0	55	FUN_005c30e0
005c3120	39	FUN_005c3120
005c3150	367	FUN_005c3150
005c32c0	72	FUN_005c32c0
005c3310	670	FUN_005c3310
005c35e0	81	FUN_005c35e0
005c3690	319	FUN_005c3690
005c37f0	147	FUN_005c37f0
005c39f0	95	FUN_005c39f0
005c3a80	105	FUN_005c3a80
005c3af0	107	FUN_005c3af0
005c3b60	444	FUN_005c3b60
005c3d90	36	FUN_005c3d90
005c3dd0	22	FUN_005c3dd0
005c3e00	105	FUN_005c3e00
005c3ed0	78	FUN_005c3ed0
005c3f90	53	FUN_005c3f90
005c3ff0	138	FUN_005c3ff0
005c4080	41	FUN_005c4080
005c40b0	606	FUN_005c40b0
005c4310	568	FUN_005c4310
005c4550	76	FUN_005c4550
005c45a0	98	FUN_005c45a0
005c4610	294	FUN_005c4610
005c4740	147	FUN_005c4740
005c47e0	819	FUN_005c47e0
005c4b20	263	FUN_005c4b20
005c4c30	45	FUN_005c4c30
005c4c60	1038	FUN_005c4c60
005c5070	420	FUN_005c5070
005c5220	891	FUN_005c5220
005c55a0	180	FUN_005c55a0
005c5660	1823	FUN_005c5660
005c5d80	106	FUN_005c5d80
005c5df0	82	FUN_005c5df0
005c5e50	452	FUN_005c5e50
005c6020	585	FUN_005c6020
005c6270	335	FUN_005c6270
005c63c0	281	FUN_005c63c0
005c64e0	262	FUN_005c64e0
005c65f0	109	FUN_005c65f0
005c6660	476	FUN_005c6660
005c6840	381	FUN_005c6840
005c69c0	361	FUN_005c69c0
005c6b30	330	FUN_005c6b30
005c6c80	350	FUN_005c6c80
005c6df0	961	FUN_005c6df0
005c71d0	297	FUN_005c71d0
005c7300	255	FUN_005c7300
005c7400	123	FUN_005c7400
005c7480	12	FUN_005c7480
005c7490	2830	FUN_005c7490
005c7fa0	176	FUN_005c7fa0
005c8060	147	FUN_005c8060
005c8130	21	FUN_005c8130
005c8150	6	FUN_005c8150
005c8160	6	FUN_005c8160
005c8170	36	FUN_005c8170
005c81d0	103	FUN_005c81d0
005c8240	131	FUN_005c8240
005c82d0	104	FUN_005c82d0
005c8340	14	FUN_005c8340
005c8350	179	FUN_005c8350
005c8410	598	FUN_005c8410
005c8670	428	FUN_005c8670
005c8820	466	FUN_005c8820
005c8a00	338	FUN_005c8a00
005c8b60	229	FUN_005c8b60
005c8c50	49	FUN_005c8c50
005c8c90	313	FUN_005c8c90
005c8de0	202	FUN_005c8de0
005c8eb0	113	FUN_005c8eb0
005c8f30	155	FUN_005c8f30
005c8fd0	990	FUN_005c8fd0
005c93b0	586	FUN_005c93b0
005c9600	18	FUN_005c9600
005c9620	471	FUN_005c9620
005c9800	83	FUN_005c9800
005c9860	178	FUN_005c9860
005c9920	389	FUN_005c9920
005c9ae0	74	FUN_005c9ae0
005c9b30	163	FUN_005c9b30
005c9c30	171	FUN_005c9c30
005c9ce0	218	FUN_005c9ce0
005c9e00	48	FUN_005c9e00
005ca470	415	FUN_005ca470
005ca750	178	FUN_005ca750
005ca930	156	FUN_005ca930
005ca9d0	82	FUN_005ca9d0
005caaa0	147	FUN_005caaa0
005cab70	83	FUN_005cab70
005cabd0	69	FUN_005cabd0
005cac20	110	FUN_005cac20
005cac90	490	FUN_005cac90
005caef0	23	FUN_005caef0
005caf40	76	FUN_005caf40
005caf90	603	FUN_005caf90
005cb1f0	627	FUN_005cb1f0
005cb470	511	FUN_005cb470
005cb680	1776	FUN_005cb680
005cbd70	923	FUN_005cbd70
005cc110	142	FUN_005cc110
005cc1a0	91	FUN_005cc1a0
005cc200	82	FUN_005cc200
005cc340	49	FUN_005cc340
005cc3e0	1005	FUN_005cc3e0
005cc7e0	220	FUN_005cc7e0
005cc940	288	FUN_005cc940
005ccc50	92	FUN_005ccc50
005ccd70	186	FUN_005ccd70
005cce30	52	FUN_005cce30
005cce70	58	FUN_005cce70
005cceb0	48	FUN_005cceb0
005ccee0	458	FUN_005ccee0
005cd0b0	182	FUN_005cd0b0
005cd170	750	FUN_005cd170
005ce350	918	FUN_005ce350
005ce730	76	FUN_005ce730
005ce7e0	71	FUN_005ce7e0
005ce830	147	FUN_005ce830
005ce8d0	21	FUN_005ce8d0
005ce930	75	FUN_005ce930
005ce980	125	FUN_005ce980
005ceac0	103	FUN_005ceac0
005ceb30	77	FUN_005ceb30
005ceb80	310	FUN_005ceb80
005cecc0	110	FUN_005cecc0
005ced30	144	FUN_005ced30
005cedc0	13	FUN_005cedc0
005cedd0	10	FUN_005cedd0
005cede0	81	FUN_005cede0
005cee40	43	FUN_005cee40
005cee70	49	FUN_005cee70
005cf000	149	FUN_005cf000
005cf5c0	147	FUN_005cf5c0
005cf690	208	FUN_005cf690
005cf760	294	FUN_005cf760
005cf890	129	FUN_005cf890
005cf920	100	FUN_005cf920
005cf990	66	FUN_005cf990
005cf9e0	66	FUN_005cf9e0
005cfa30	501	FUN_005cfa30
005cfc30	215	FUN_005cfc30
005cfd10	86	FUN_005cfd10
005cfd70	69	FUN_005cfd70
005cfdc0	156	FUN_005cfdc0
005cfe60	543	FUN_005cfe60
005d0080	215	FUN_005d0080
005d0160	313	FUN_005d0160
005d02a0	166	FUN_005d02a0
005d0350	167	FUN_005d0350
005d0400	1288	FUN_005d0400
005d0910	325	FUN_005d0910
005d0ab0	314	FUN_005d0ab0
005d0bf0	470	FUN_005d0bf0
005d0dd0	7802	FUN_005d0dd0
005d2c50	1125	FUN_005d2c50
005d3120	147	FUN_005d3120
005d31f0	23	FUN_005d31f0
005d3210	1055	FUN_005d3210
005d3640	123	FUN_005d3640
005d36c0	725	FUN_005d36c0
005d39a0	267	FUN_005d39a0
005d3ab0	1179	FUN_005d3ab0
005d3f60	105	FUN_005d3f60
005d3fd0	203	FUN_005d3fd0
005d40a0	282	FUN_005d40a0
005d41c0	94	FUN_005d41c0
005d4480	237	FUN_005d4480
005d4570	147	FUN_005d4570
005d4750	17	FUN_005d4750
005d4770	52	FUN_005d4770
005d47b0	77	FUN_005d47b0
005d4800	34	FUN_005d4800
005d4830	9	FUN_005d4830
005d4d90	78	FUN_005d4d90
005d4de0	62	FUN_005d4de0
005d4e20	59	FUN_005d4e20
005d4ee0	49	FUN_005d4ee0
005d4f60	99	FUN_005d4f60
005d5050	103	FUN_005d5050
005d50c0	31	FUN_005d50c0
005d50e0	9	FUN_005d50e0
005d50f0	85	FUN_005d50f0
005d5150	130	FUN_005d5150
005d51e0	177	FUN_005d51e0
005d52a0	70	FUN_005d52a0
005d52f0	49	FUN_005d52f0
005d5330	35	FUN_005d5330
005d5360	548	FUN_005d5360
005d5590	147	FUN_005d5590
005d5670	20	FUN_005d5670
005d5690	502	FUN_005d5690
005d5890	149	FUN_005d5890
005d5930	51	FUN_005d5930
005d5970	48	FUN_005d5970
005d59a0	38	FUN_005d59a0
005d59d0	204	FUN_005d59d0
005d5aa0	183	FUN_005d5aa0
005d5b60	192	FUN_005d5b60
005d5c20	78	FUN_005d5c20
005d5c70	515	FUN_005d5c70
005d5e80	237	FUN_005d5e80
005d5f70	139	FUN_005d5f70
005d6000	2150	FUN_005d6000
005d6870	566	FUN_005d6870
005d6ac0	324	FUN_005d6ac0
005d6c40	197	FUN_005d6c40
005d6d10	2237	FUN_005d6d10
005d7750	104	FUN_005d7750
005d78d0	310	FUN_005d78d0
005d7a10	1229	FUN_005d7a10
005d7ee0	246	FUN_005d7ee0
005d7fe0	1036	FUN_005d7fe0
005d83f0	136	FUN_005d83f0
005d8480	486	FUN_005d8480
005d8680	147	FUN_005d8680
005d87d0	428	FUN_005d87d0
005d8990	99	FUN_005d8990
005d8a00	112	FUN_005d8a00
005d8a70	108	FUN_005d8a70
005d8af0	34	FUN_005d8af0
005d8c80	66	FUN_005d8c80
005d8d70	101	FUN_005d8d70
005d8de0	225	FUN_005d8de0
005d8ed0	252	FUN_005d8ed0
005d8fd0	382	FUN_005d8fd0
005d9150	55	FUN_005d9150
005d9210	412	FUN_005d9210
005d9580	91	FUN_005d9580
005d95e0	362	FUN_005d95e0
005d9760	176	FUN_005d9760
005d9810	38	FUN_005d9810
005d9840	1441	FUN_005d9840
005d9e20	1500	FUN_005d9e20
005da440	790	FUN_005da440
005da760	273	FUN_005da760
005db050	1860	FUN_005db050
005db7c0	364	FUN_005db7c0
005db930	103	FUN_005db930
005db9a0	79	FUN_005db9a0
005db9f0	138	FUN_005db9f0
005dba80	188	FUN_005dba80
005dbb40	197	FUN_005dbb40
005dbc10	150	FUN_005dbc10
005dbcb0	165	FUN_005dbcb0
005dcfe0	598	FUN_005dcfe0
005dd240	852	FUN_005dd240
005dd5a0	1098	FUN_005dd5a0
005dd9f0	60	FUN_005dd9f0
005dda30	83	FUN_005dda30
005dda90	573	FUN_005dda90
005ddcd0	914	FUN_005ddcd0
005de070	1213	FUN_005de070
005de530	153	FUN_005de530
005de630	100	FUN_005de630
005de6a0	232	FUN_005de6a0
005de790	31	FUN_005de790
005de7b0	110	FUN_005de7b0
005de820	110	FUN_005de820
005de890	956	FUN_005de890
005dec50	246	FUN_005dec50
005ded50	69	FUN_005ded50
005deda0	69	FUN_005deda0
005dedf0	214	FUN_005dedf0
005dfa60	104	FUN_005dfa60
005dfad0	121	FUN_005dfad0
005dfb50	71	FUN_005dfb50
005dfba0	37	FUN_005dfba0
005dfbd0	58	FUN_005dfbd0
005dfc40	147	FUN_005dfc40
005dfd10	417	FUN_005dfd10
005dfec0	76	FUN_005dfec0
005dff10	353	FUN_005dff10
005e00c0	412	FUN_005e00c0
005e0320	304	FUN_005e0320
005e06a0	172	FUN_005e06a0
005e0870	251	FUN_005e0870
005e0970	111	FUN_005e0970
005e09e0	2107	FUN_005e09e0
005e1230	595	FUN_005e1230
005e1490	2537	FUN_005e1490
005e1e80	78	FUN_005e1e80
005e1ed0	49	FUN_005e1ed0
005e1f10	412	FUN_005e1f10
005e20e0	75	FUN_005e20e0
005e2130	70	FUN_005e2130
005e2180	149	FUN_005e2180
005e2220	148	FUN_005e2220
005e22c0	58	FUN_005e22c0
005e2320	147	FUN_005e2320
005e23f0	481	FUN_005e23f0
005e25e0	1653	FUN_005e25e0
005e2c60	121	FUN_005e2c60
005e2ce0	68	FUN_005e2ce0
005e2d30	67	FUN_005e2d30
005e2d80	95	FUN_005e2d80
005e2de0	168	FUN_005e2de0
005e2e90	607	FUN_005e2e90
005e30f0	786	FUN_005e30f0
005e3410	695	FUN_005e3410
005e36d0	95	FUN_005e36d0
005e3730	64	FUN_005e3730
005e3770	64	FUN_005e3770
005e37b0	160	FUN_005e37b0
005e3850	2083	FUN_005e3850
005e4080	1138	FUN_005e4080
005e4500	654	FUN_005e4500
005e4790	493	FUN_005e4790
005e4980	70	FUN_005e4980
005e49d0	347	FUN_005e49d0
005e4b30	283	FUN_005e4b30
005e4c60	238	FUN_005e4c60
005e4d50	98	FUN_005e4d50
005e4df0	147	FUN_005e4df0
005e5430	126	FUN_005e5430
005e54c0	174	FUN_005e54c0
005e5570	534	FUN_005e5570
005e57f0	36	FUN_005e57f0
005e5820	44	FUN_005e5820
005e5850	462	FUN_005e5850
005e5a20	82	FUN_005e5a20
005e5a80	749	FUN_005e5a80
005e5eb0	664	FUN_005e5eb0
005e6150	194	FUN_005e6150
005e6220	96	FUN_005e6220
005e6280	1228	FUN_005e6280
005e6750	1325	FUN_005e6750
005e6c80	1325	FUN_005e6c80
005e71b0	84	FUN_005e71b0
005e7210	534	FUN_005e7210
005e7430	449	FUN_005e7430
005e7600	86	FUN_005e7600
005e7660	78	FUN_005e7660
005e76b0	347	FUN_005e76b0
005e7810	227	FUN_005e7810
005e7900	117	FUN_005e7900
005e7980	289	FUN_005e7980
005e7ab0	64	FUN_005e7ab0
005e7b70	147	FUN_005e7b70
005e7c20	28	FUN_005e7c20
005e7c80	146	FUN_005e7c80
005e7d20	203	FUN_005e7d20
005e7df0	199	FUN_005e7df0
005e7ec0	45	FUN_005e7ec0
005e7ef0	237	FUN_005e7ef0
005e7fe0	122	FUN_005e7fe0
005e8060	97	FUN_005e8060
005e80d0	130	FUN_005e80d0
005e81c0	79	FUN_005e81c0
005e8210	533	FUN_005e8210
005e8430	57	FUN_005e8430
005e8470	428	FUN_005e8470
005e8620	165	FUN_005e8620
005e86d0	36	FUN_005e86d0
005e8700	79	FUN_005e8700
005e8750	62	FUN_005e8750
005e8810	46	FUN_005e8810
005e8920	117	FUN_005e8920
005e89a0	84	FUN_005e89a0
005e8a00	126	FUN_005e8a00
005e8a80	84	FUN_005e8a80
005e8ae0	84	FUN_005e8ae0
005e8cf0	69	FUN_005e8cf0
005e8d40	82	FUN_005e8d40
005e8de0	68	FUN_005e8de0
005e8e30	68	FUN_005e8e30
005e8e80	68	FUN_005e8e80
005e9060	102	FUN_005e9060
005e90e0	71	FUN_005e90e0
005e9130	185	FUN_005e9130
005e91f0	154	FUN_005e91f0
005e92b0	35	FUN_005e92b0
005e92e0	67	FUN_005e92e0
005e9330	54	FUN_005e9330
005e9370	42	FUN_005e9370
005e93a0	497	FUN_005e93a0
005e95a0	183	FUN_005e95a0
005e9670	280	FUN_005e9670
005e9790	552	FUN_005e9790
005e99e0	49	FUN_005e99e0
005e9a20	49	FUN_005e9a20
005e9a60	46	FUN_005e9a60
005e9a90	46	FUN_005e9a90
005e9ac0	46	FUN_005e9ac0
005e9c00	527	FUN_005e9c00
005e9e10	234	FUN_005e9e10
005e9f00	2647	FUN_005e9f00
005ea960	643	FUN_005ea960
005eabf0	378	FUN_005eabf0
005eadb0	72	FUN_005eadb0
005eae20	38	FUN_005eae20
005eae50	773	FUN_005eae50
005eb160	825	FUN_005eb160
005eb4a0	2729	FUN_005eb4a0
005ebf50	455	FUN_005ebf50
005ec120	3220	FUN_005ec120
005ecdc0	2994	FUN_005ecdc0
005ed990	1	FUN_005ed990
005ed9a0	1	FUN_005ed9a0
005eda10	147	FUN_005eda10
005edb40	41	FUN_005edb40
005edb70	29	FUN_005edb70
005edb90	136	FUN_005edb90
005edc20	83	FUN_005edc20
005edc80	31	FUN_005edc80
005edca0	60	FUN_005edca0
005edce0	472	FUN_005edce0
005edec0	55	FUN_005edec0
005edf00	170	FUN_005edf00
005ee030	177	FUN_005ee030
005ee0f0	171	FUN_005ee0f0
005ee1a0	104	FUN_005ee1a0
005ee210	909	FUN_005ee210
005ee5a0	7330	FUN_005ee5a0
005f0250	52	FUN_005f0250
005f0290	394	FUN_005f0290
005f0420	92	FUN_005f0420
005f0480	80	FUN_005f0480
005f04d0	374	FUN_005f04d0
005f06a0	19	FUN_005f06a0
005f0720	369	FUN_005f0720
005f08a0	985	FUN_005f08a0
005f0c80	566	FUN_005f0c80
005f0ec0	93	FUN_005f0ec0
005f0f60	153	FUN_005f0f60
005f10c0	37	FUN_005f10c0
005f10f0	37	FUN_005f10f0
005f1120	26	FUN_005f1120
005f1140	143	FUN_005f1140
005f11e0	92	FUN_005f11e0
005f1240	26	FUN_005f1240
005f1260	81	FUN_005f1260
005f1330	27	FUN_005f1330
005f1380	80	FUN_005f1380
005f13d0	168	FUN_005f13d0
005f1480	50	FUN_005f1480
005f14c0	191	FUN_005f14c0
005f1580	153	FUN_005f1580
005f1620	479	FUN_005f1620
005f1810	20	FUN_005f1810
005f1850	1738	FUN_005f1850
005f1f20	44	FUN_005f1f20
005f1f50	70	FUN_005f1f50
005f1fa0	70	FUN_005f1fa0
005f1ff0	414	FUN_005f1ff0
005f2190	224	FUN_005f2190
005f2270	356	FUN_005f2270
005f23e0	64	FUN_005f23e0
005f2420	442	FUN_005f2420
005f27d0	93	FUN_005f27d0
005f2830	74	FUN_005f2830
005f2880	381	FUN_005f2880
005f2a00	82	FUN_005f2a00
005f2a60	109	FUN_005f2a60
005f2ad0	663	FUN_005f2ad0
005f2d70	1005	FUN_005f2d70
005f3160	699	FUN_005f3160
005f3420	31	FUN_005f3420
005f3440	212	FUN_005f3440
005f3520	271	FUN_005f3520
005f3630	60	FUN_005f3630
005f3670	135	FUN_005f3670
005f3720	664	FUN_005f3720
005f39c0	282	FUN_005f39c0
005f3ae0	38	FUN_005f3ae0
005f3b10	210	FUN_005f3b10
005f3bf0	170	FUN_005f3bf0
005f3ca0	450	FUN_005f3ca0
005f3e70	137	FUN_005f3e70
005f3f00	460	FUN_005f3f00
005f40d0	400	FUN_005f40d0
005f4270	621	FUN_005f4270
005f44e0	100	FUN_005f44e0
005f4550	472	FUN_005f4550
005f4730	1050	FUN_005f4730
005f4b50	559	FUN_005f4b50
005f4d80	125	FUN_005f4d80
005f4e00	1209	FUN_005f4e00
005f52c0	140	FUN_005f52c0
005f5350	808	FUN_005f5350
005f56d0	5675	FUN_005f56d0
005f6d00	147	FUN_005f6d00
005f6dd0	31	FUN_005f6dd0
005f6df0	174	FUN_005f6df0
005f6ea0	1	FUN_005f6ea0
005f6eb0	82	FUN_005f6eb0
005f6f10	2035	FUN_005f6f10
005f7710	114	FUN_005f7710
005f7790	147	FUN_005f7790
005f7860	50	FUN_005f7860
005f78a0	345	FUN_005f78a0
005f7a00	86	FUN_005f7a00
005f7a60	204	FUN_005f7a60
005f7b30	30	FUN_005f7b30
005f7b50	30	FUN_005f7b50
005f7b70	55	FUN_005f7b70
005f7bb0	269	FUN_005f7bb0
005f7cc0	58	FUN_005f7cc0
005f7d00	134	FUN_005f7d00
005f7d90	418	FUN_005f7d90
005f7f40	380	FUN_005f7f40
005f80c0	694	FUN_005f80c0
005f8380	90	FUN_005f8380
005f83e0	1559	FUN_005f83e0
005f8a40	147	FUN_005f8a40
005f8b10	11	FUN_005f8b10
005f8b20	11	FUN_005f8b20
005f8b30	166	FUN_005f8b30
005f8be0	667	FUN_005f8be0
005f8e80	233	FUN_005f8e80
005f8f70	59	FUN_005f8f70
005f8fb0	74	FUN_005f8fb0
005f9000	95	FUN_005f9000
005f9060	40	FUN_005f9060
005f9090	120	FUN_005f9090
005f9110	158	FUN_005f9110
005f91b0	57	FUN_005f91b0
005f91f0	57	FUN_005f91f0
005f9230	836	FUN_005f9230
005f9580	80	FUN_005f9580
005f95d0	761	FUN_005f95d0
005f98d0	126	FUN_005f98d0
005f9950	60	FUN_005f9950
005f9990	508	FUN_005f9990
005f9b90	324	FUN_005f9b90
005f9ce0	386	FUN_005f9ce0
005f9e70	153	FUN_005f9e70
005f9f20	512	FUN_005f9f20
005fa130	1	FUN_005fa130
005fa160	84	FUN_005fa160
005fa1c0	2813	FUN_005fa1c0
005facd0	111	FUN_005facd0
005fad40	787	FUN_005fad40
005fb060	113	FUN_005fb060
005fb0e0	240	FUN_005fb0e0
005fb1e0	121	FUN_005fb1e0
005fb260	140	FUN_005fb260
005fb300	291	FUN_005fb300
005fb430	3692	FUN_005fb430
005fc2b0	150	FUN_005fc2b0
005fc350	58	FUN_005fc350
005fc3c0	59	FUN_005fc3c0
005fc400	134	FUN_005fc400
005fc490	54	FUN_005fc490
005fc4d0	226	FUN_005fc4d0
005fc600	234	FUN_005fc600
005fc730	1112	FUN_005fc730
005fcbd0	95	FUN_005fcbd0
005fcc90	319	FUN_005fcc90
005fcdf0	147	FUN_005fcdf0
005fcee0	144	FUN_005fcee0
005fcf70	203	FUN_005fcf70
005fd040	187	FUN_005fd040
005fd440	57	FUN_005fd440
005fd4e0	506	FUN_005fd4e0
005fd7a0	453	FUN_005fd7a0
005fd990	4411	FUN_005fd990
005fead0	165	FUN_005fead0
005feb80	159	FUN_005feb80
005fed80	49	FUN_005fed80
005fedc0	193	FUN_005fedc0
005fee90	1565	FUN_005fee90
005ff4f0	227	FUN_005ff4f0
005ff6f0	134	FUN_005ff6f0
005ff920	296	FUN_005ff920
005ffa50	1066	FUN_005ffa50
005ffe80	460	FUN_005ffe80
006000e0	41	FUN_006000e0
00600110	53	FUN_00600110
00600150	45	FUN_00600150
00600180	61	FUN_00600180
006001c0	432	FUN_006001c0
00600370	86	FUN_00600370
006003d0	55	FUN_006003d0
00600410	55	FUN_00600410
00600450	21	FUN_00600450
00600470	88	FUN_00600470
006004d0	73	FUN_006004d0
00600530	86	FUN_00600530
00600590	109	FUN_00600590
00600600	197	FUN_00600600
00600730	79	FUN_00600730
00600780	16	FUN_00600780
00600790	147	FUN_00600790
00600880	144	FUN_00600880
00600910	203	FUN_00600910
00600aa0	49	FUN_00600aa0
00600b30	91	FUN_00600b30
00600b90	91	FUN_00600b90
00600bf0	72	FUN_00600bf0
00600cc0	59	FUN_00600cc0
00600d00	48	FUN_00600d00
00600d30	334	FUN_00600d30
00600e90	1004	FUN_00600e90
00601280	55	FUN_00601280
006012c0	235	FUN_006012c0
006013b0	170	FUN_006013b0
00601460	84	FUN_00601460
006014c0	367	FUN_006014c0
00601750	369	FUN_00601750
00601a40	118	FUN_00601a40
00601ae0	1154	FUN_00601ae0
00601f70	100	FUN_00601f70
00601fe0	649	FUN_00601fe0
00602270	710	FUN_00602270
00602540	740	FUN_00602540
00602830	4552	FUN_00602830
00603a20	1	FUN_00603a20
00603a50	108	FUN_00603a50
00603ac0	83	FUN_00603ac0
00603b40	51	FUN_00603b40
00603b80	62	FUN_00603b80
00603bc0	68	FUN_00603bc0
00603c10	67	FUN_00603c10
00603c60	45	FUN_00603c60
00603c90	85	FUN_00603c90
00603cf0	177	FUN_00603cf0
00603db0	56	FUN_00603db0
00603df0	163	FUN_00603df0
00603ea0	106	FUN_00603ea0
00603f10	419	FUN_00603f10
006040c0	95	FUN_006040c0
00604120	35	FUN_00604120
00604200	275	FUN_00604200
00604320	871	FUN_00604320
00604690	153	FUN_00604690
00604730	118	FUN_00604730
006047b0	305	FUN_006047b0
006048f0	391	FUN_006048f0
00604a80	64	FUN_00604a80
00604ac0	58	FUN_00604ac0
00604b00	64	FUN_00604b00
00604b40	64	FUN_00604b40
00604b80	195	FUN_00604b80
00604c80	38	FUN_00604c80
00604cb0	15	FUN_00604cb0
00604cc0	15	FUN_00604cc0
00604cd0	127	FUN_00604cd0
00604db0	122	FUN_00604db0
00604e30	138	FUN_00604e30
00604ec0	79	FUN_00604ec0
00604f10	43	FUN_00604f10
00604f40	50	FUN_00604f40
00604ff0	196	FUN_00604ff0
006050c0	1026	FUN_006050c0
006054d0	157	FUN_006054d0
00605570	110	FUN_00605570
00605640	147	FUN_00605640
006058c0	123	FUN_006058c0
006059a0	174	FUN_006059a0
00605b80	103	FUN_00605b80
00605cb0	199	FUN_00605cb0
00605e30	234	FUN_00605e30
00605f20	317	FUN_00605f20
00606370	55	FUN_00606370
006063b0	49	FUN_006063b0
006063f0	59	FUN_006063f0
00606430	232	FUN_00606430
00606520	276	FUN_00606520
00606640	1676	FUN_00606640
00606cf0	33	FUN_00606cf0
00606d20	64	FUN_00606d20
00606d60	215	FUN_00606d60
00606e40	17	FUN_00606e40
00606e60	62	FUN_00606e60
00606ea0	103	FUN_00606ea0
00606f10	502	FUN_00606f10
00607140	104	FUN_00607140
006071b0	491	FUN_006071b0
006073a0	5564	FUN_006073a0
00608980	355	FUN_00608980
00608b20	147	FUN_00608b20
00608bf0	79	FUN_00608bf0
00608c40	233	FUN_00608c40
00608d30	651	FUN_00608d30
00608fc0	1667	FUN_00608fc0
00609660	96	FUN_00609660
006096c0	823	FUN_006096c0
00609a00	691	FUN_00609a00
00609cc0	587	FUN_00609cc0
00609f20	607	FUN_00609f20
0060a190	345	FUN_0060a190
0060a2f0	171	FUN_0060a2f0
0060a3a0	98	FUN_0060a3a0
0060b890	348	FUN_0060b890
0060bd90	79	FUN_0060bd90
0060c430	402	FUN_0060c430
0060c6f0	126	FUN_0060c6f0
0060c770	1794	FUN_0060c770
0060cea0	60	FUN_0060cea0
0060cee0	48	FUN_0060cee0
0060cf10	56	FUN_0060cf10
0060cf50	86	FUN_0060cf50
0060cfb0	83	FUN_0060cfb0
0060d010	1	FUN_0060d010
0060d030	147	FUN_0060d030
0060d0f0	20	FUN_0060d0f0
0060d110	1446	FUN_0060d110
0060d6c0	107	FUN_0060d6c0
0060d7a0	267	FUN_0060d7a0
0060d920	115	FUN_0060d920
0060daf0	117	FUN_0060daf0
0060dbb0	108	FUN_0060dbb0
0060de10	94	FUN_0060de10
0060de70	94	FUN_0060de70
0060e270	70	FUN_0060e270
0060e2c0	70	FUN_0060e2c0
0060e310	47	FUN_0060e310
0060e3e0	113	FUN_0060e3e0
0060e460	113	FUN_0060e460
0060e4e0	48	FUN_0060e4e0
0060e510	121	FUN_0060e510
0060e5b0	141	FUN_0060e5b0
0060e640	135	FUN_0060e640
0060e6d0	509	FUN_0060e6d0
0060e8e0	215	FUN_0060e8e0
0060e9c0	156	FUN_0060e9c0
0060ea60	510	FUN_0060ea60
0060ec80	77	FUN_0060ec80
0060ecd0	139	FUN_0060ecd0
0060eda0	37	FUN_0060eda0
0060edd0	40	FUN_0060edd0
0060ee00	93	FUN_0060ee00
0060ee60	164	FUN_0060ee60
0060ef10	141	FUN_0060ef10
0060efa0	27	FUN_0060efa0
0060efc0	43	FUN_0060efc0
0060eff0	82	FUN_0060eff0
0060f100	196	FUN_0060f100
0060f1d0	156	FUN_0060f1d0
0060f420	110	FUN_0060f420
0060f560	219	FUN_0060f560
0060f640	321	FUN_0060f640
0060f830	138	FUN_0060f830
0060f8d0	1	FUN_0060f8d0
0060f8e0	147	FUN_0060f8e0
0060fa80	95	FUN_0060fa80
0060fb00	260	FUN_0060fb00
0060fc10	444	FUN_0060fc10
0060fef0	6	FUN_0060fef0
0060ff20	27	FUN_0060ff20
0060ff40	66	FUN_0060ff40
0060ff90	34	FUN_0060ff90
0060ffc0	332	FUN_0060ffc0
00610160	75	FUN_00610160
006101c0	85	FUN_006101c0
00610260	63	FUN_00610260
00610300	93	FUN_00610300
00610360	2314	FUN_00610360
00610c80	93	FUN_00610c80
00610ce0	128	FUN_00610ce0
00610d60	129	FUN_00610d60
00610df0	632	FUN_00610df0
00611070	234	FUN_00611070
00611160	62	FUN_00611160
006111a0	1015	FUN_006111a0
006115a0	150	FUN_006115a0
00611640	233	FUN_00611640
00611850	144	FUN_00611850
006118e0	1087	FUN_006118e0
00611d20	873	FUN_00611d20
00612090	509	FUN_00612090
00612290	73	FUN_00612290
006122e0	90	FUN_006122e0
00612340	675	FUN_00612340
006125f0	871	FUN_006125f0
00612960	698	FUN_00612960
00612c20	295	FUN_00612c20
00612d50	124	FUN_00612d50
00612dd0	727	FUN_00612dd0
006130b0	1829	FUN_006130b0
006137e0	3098	FUN_006137e0
006145d0	116	FUN_006145d0
00614650	256	FUN_00614650
00614780	147	FUN_00614780
00614840	191	FUN_00614840
006149e0	133	FUN_006149e0
00614b10	129	FUN_00614b10
00614bb0	59	FUN_00614bb0
00614d10	528	FUN_00614d10
00614f20	23	FUN_00614f20
00614f40	590	FUN_00614f40
00615190	77	FUN_00615190
006151e0	222	FUN_006151e0
006152f0	147	FUN_006152f0
00615390	251	FUN_00615390
00615490	236	FUN_00615490
006155a0	118	FUN_006155a0
006158f0	1037	FUN_006158f0
00615d40	1142	FUN_00615d40
006162c0	147	FUN_006162c0
00616390	21	FUN_00616390
006163b0	185	FUN_006163b0
00616470	952	FUN_00616470
00616870	337	FUN_00616870
006169d0	122	FUN_006169d0
00616a50	1125	FUN_00616a50
00616ed0	124	FUN_00616ed0
00616f50	168	FUN_00616f50
00617030	119	FUN_00617030
006170b0	230	FUN_006170b0
006171a0	216	FUN_006171a0
00617280	1941	FUN_00617280
00617a60	1535	FUN_00617a60
00618090	6	FUN_00618090
006180a0	10	FUN_006180a0
006180b0	6	FUN_006180b0
006180c0	285	FUN_006180c0
006181e0	47	FUN_006181e0
00618210	84	FUN_00618210
00618270	10	FUN_00618270
00618280	6	FUN_00618280
00618290	235	FUN_00618290
00618380	82	FUN_00618380
006183e0	178	FUN_006183e0
006184a0	223	FUN_006184a0
00618580	255	FUN_00618580
00618700	1	FUN_00618700
00618760	122	FUN_00618760
006187e0	223	FUN_006187e0
006188c0	1074	FUN_006188c0
00618d30	88	FUN_00618d30
00618d90	94	FUN_00618d90
00618df0	94	FUN_00618df0
00618ff0	59	FUN_00618ff0
006191b0	68	FUN_006191b0
00619200	51	FUN_00619200
006193f0	178	FUN_006193f0
006194f0	113	FUN_006194f0
00619630	239	FUN_00619630
00619720	17	FUN_00619720
00619740	17	FUN_00619740
0061a230	558	FUN_0061a230
0061a460	513	FUN_0061a460
0061a680	135	FUN_0061a680
0061a760	758	FUN_0061a760
0061aa60	1346	FUN_0061aa60
0061afb0	80	FUN_0061afb0
0061b000	77	FUN_0061b000
0061b050	216	FUN_0061b050
0061b130	105	FUN_0061b130
0061b1a0	225	FUN_0061b1a0
0061b340	110	FUN_0061b340
0061b3b0	81	FUN_0061b3b0
0061b410	78	FUN_0061b410
0061b460	102	FUN_0061b460
0061b4d0	77	FUN_0061b4d0
0061b540	21	FUN_0061b540
0061b560	1	FUN_0061b560
0061b570	49	FUN_0061b570
0061b5b0	108	FUN_0061b5b0
0061b620	112	FUN_0061b620
0061b7a0	80	FUN_0061b7a0
0061b7f0	298	FUN_0061b7f0
0061b920	58	FUN_0061b920
0061b990	53	FUN_0061b990
0061b9d0	312	FUN_0061b9d0
0061bb10	4390	FUN_0061bb10
0061cc40	85	FUN_0061cc40
0061cca0	355	FUN_0061cca0
0061ce10	841	FUN_0061ce10
0061d160	80	FUN_0061d160
0061d1b0	1363	FUN_0061d1b0
0061d710	17	FUN_0061d710
0061d730	6	FUN_0061d730
0061d740	17	FUN_0061d740
0061d760	16	FUN_0061d760
0061d770	349	FUN_0061d770
0061d8d0	181	FUN_0061d8d0
0061d990	758	FUN_0061d990
0061dca0	156	FUN_0061dca0
0061dd40	704	FUN_0061dd40
0061e040	56	FUN_0061e040
0061e080	631	FUN_0061e080
0061e300	66	FUN_0061e300
0061e350	319	FUN_0061e350
0061e4a0	168	FUN_0061e4a0
0061e550	2954	FUN_0061e550
0061f100	19	FUN_0061f100
0061f120	42	FUN_0061f120
0061f150	51	FUN_0061f150
0061f190	69	FUN_0061f190
0061f2a0	46	FUN_0061f2a0
0061f2d0	156	FUN_0061f2d0
0061f370	187	FUN_0061f370
0061f430	189	FUN_0061f430
0061f4f0	80	FUN_0061f4f0
0061f540	63	FUN_0061f540
0061f580	85	FUN_0061f580
0061f5e0	70	FUN_0061f5e0
0061f630	83	FUN_0061f630
0061f690	29	FUN_0061f690
0061f6b0	469	FUN_0061f6b0
0061f890	93	FUN_0061f890
0061f8f0	815	FUN_0061f8f0
0061fc20	98	FUN_0061fc20
0061fd50	187	FUN_0061fd50
0061fe10	131	FUN_0061fe10
0061fea0	114	FUN_0061fea0
0061ff20	28	FUN_0061ff20
0061ff40	76	FUN_0061ff40
0061ffc0	281	FUN_0061ffc0
006200e0	114	FUN_006200e0
00620160	521	FUN_00620160
00620370	158	FUN_00620370
00620410	41	FUN_00620410
00620440	140	FUN_00620440
006204d0	353	FUN_006204d0
00620780	1	FUN_00620780
00620790	1	FUN_00620790
00620800	147	FUN_00620800
006208d0	113	FUN_006208d0
00620950	321	FUN_00620950
00620aa0	82	FUN_00620aa0
00620b30	249	FUN_00620b30
00620e40	75	FUN_00620e40
00620e90	75	FUN_00620e90
00620ee0	47	FUN_00620ee0
00620f10	47	FUN_00620f10
00620f40	47	FUN_00620f40
00620f70	54	FUN_00620f70
00620fb0	54	FUN_00620fb0
00620ff0	54	FUN_00620ff0
00621030	77	FUN_00621030
00621090	84	FUN_00621090
00621310	84	FUN_00621310
00621380	56	FUN_00621380
006213c0	2623	FUN_006213c0
00621e10	366	FUN_00621e10
00621f90	58	FUN_00621f90
00621fd0	3758	FUN_00621fd0
00622f60	59	FUN_00622f60
00622fa0	59	FUN_00622fa0
00622fe0	59	FUN_00622fe0
00623020	59	FUN_00623020
00623060	59	FUN_00623060
006230a0	59	FUN_006230a0
006230e0	59	FUN_006230e0
00623120	59	FUN_00623120
00623160	59	FUN_00623160
006231a0	59	FUN_006231a0
006231e0	59	FUN_006231e0
00623220	59	FUN_00623220
00623260	59	FUN_00623260
006232a0	109	FUN_006232a0
00623310	59	FUN_00623310
00623350	59	FUN_00623350
00623390	59	FUN_00623390
006233d0	59	FUN_006233d0
00623410	59	FUN_00623410
00623450	59	FUN_00623450
00623490	59	FUN_00623490
006234d0	59	FUN_006234d0
00623510	59	FUN_00623510
00623550	59	FUN_00623550
00623590	59	FUN_00623590
006235d0	59	FUN_006235d0
00623610	59	FUN_00623610
00623650	59	FUN_00623650
00623850	166	FUN_00623850
00623900	230	FUN_00623900
00623b00	83	FUN_00623b00
00623b60	73	FUN_00623b60
00623bb0	85	FUN_00623bb0
00623c10	59	FUN_00623c10
00623c50	59	FUN_00623c50
00623c90	59	FUN_00623c90
00623cd0	162	FUN_00623cd0
00623de0	67	FUN_00623de0
00623e30	59	FUN_00623e30
00623ea0	55	FUN_00623ea0
00623ee0	55	FUN_00623ee0
00623f20	55	FUN_00623f20
00624090	113	FUN_00624090
00624500	75	FUN_00624500
00624550	75	FUN_00624550
006245a0	75	FUN_006245a0
006245f0	75	FUN_006245f0
00624640	75	FUN_00624640
00624690	75	FUN_00624690
006246e0	78	FUN_006246e0
00624850	59	FUN_00624850
00624890	59	FUN_00624890
00624930	75	FUN_00624930
00624980	75	FUN_00624980
006249d0	77	FUN_006249d0
00624a20	73	FUN_00624a20
00624a70	73	FUN_00624a70
00624ac0	75	FUN_00624ac0
00624b10	79	FUN_00624b10
00624b60	75	FUN_00624b60
00624bb0	75	FUN_00624bb0
00624c00	75	FUN_00624c00
00625250	144	FUN_00625250
00625650	77	FUN_00625650
00625ca0	104	FUN_00625ca0
00625de0	75	FUN_00625de0
00625e30	75	FUN_00625e30
00625e80	75	FUN_00625e80
00625ed0	75	FUN_00625ed0
00625f20	75	FUN_00625f20
00625f70	75	FUN_00625f70
00625fc0	73	FUN_00625fc0
00626010	73	FUN_00626010
00626060	75	FUN_00626060
006260b0	75	FUN_006260b0
00626100	75	FUN_00626100
00626150	1	FUN_00626150
006261f0	75	FUN_006261f0
00626240	75	FUN_00626240
00626290	75	FUN_00626290
006262e0	75	FUN_006262e0
00626330	75	FUN_00626330
00626380	75	FUN_00626380
006263d0	75	FUN_006263d0
00626420	75	FUN_00626420
00626470	75	FUN_00626470
006264c0	75	FUN_006264c0
00626510	75	FUN_00626510
00626560	1	FUN_00626560
006265b0	75	FUN_006265b0
00626600	75	FUN_00626600
00626650	75	FUN_00626650
006266a0	75	FUN_006266a0
006266f0	75	FUN_006266f0
00626740	75	FUN_00626740
00626790	75	FUN_00626790
006267e0	75	FUN_006267e0
00626830	75	FUN_00626830
00626880	75	FUN_00626880
006268d0	77	FUN_006268d0
00626920	79	FUN_00626920
00626970	73	FUN_00626970
006269c0	73	FUN_006269c0
00626a10	73	FUN_00626a10
00626a60	75	FUN_00626a60
00626ab0	75	FUN_00626ab0
00626b00	75	FUN_00626b00
00626b50	75	FUN_00626b50
00626ba0	75	FUN_00626ba0
00626bf0	75	FUN_00626bf0
00626c40	75	FUN_00626c40
006275b0	75	FUN_006275b0
00627600	75	FUN_00627600
00627650	75	FUN_00627650
006276a0	79	FUN_006276a0
006276f0	75	FUN_006276f0
00627740	75	FUN_00627740
00627790	49	FUN_00627790
006277f0	49	FUN_006277f0
00627830	49	FUN_00627830
00627890	49	FUN_00627890
006279b0	97	FUN_006279b0
00627a20	16	FUN_00627a20
00627a30	16	FUN_00627a30
00627a40	16	FUN_00627a40
00627a50	16	FUN_00627a50
00627a60	48	FUN_00627a60
00627a90	48	FUN_00627a90
00627ac0	113	FUN_00627ac0
00627b40	75	FUN_00627b40
00627c20	75	FUN_00627c20
00627c70	75	FUN_00627c70
00627cc0	75	FUN_00627cc0
00627d10	75	FUN_00627d10
00627d60	75	FUN_00627d60
00627db0	75	FUN_00627db0
00627e00	77	FUN_00627e00
00628290	75	FUN_00628290
006282e0	73	FUN_006282e0
00628330	75	FUN_00628330
00628380	75	FUN_00628380
006283d0	75	FUN_006283d0
00628420	75	FUN_00628420
00628470	75	FUN_00628470
006284c0	75	FUN_006284c0
00628510	75	FUN_00628510
006285d0	923	FUN_006285d0
00628970	116	FUN_00628970
00628a70	2030	FUN_00628a70
00629270	1222	FUN_00629270
00629810	64	FUN_00629810
00629850	66	FUN_00629850
006298d0	113	FUN_006298d0
00629950	902	FUN_00629950
00629ce0	290	FUN_00629ce0
00629e10	87	FUN_00629e10
00629e70	54	FUN_00629e70
00629eb0	63	FUN_00629eb0
00629ef0	99	FUN_00629ef0
00629fa0	676	FUN_00629fa0
0062a600	1737	FUN_0062a600
0062acf0	243	FUN_0062acf0
0062b260	94	FUN_0062b260
0062b540	308	FUN_0062b540
0062b680	86	FUN_0062b680
0062b6e0	556	FUN_0062b6e0
0062b910	130	FUN_0062b910
0062b9a0	536	FUN_0062b9a0
0062bbc0	55	FUN_0062bbc0
0062be60	147	FUN_0062be60
0062bf20	33	FUN_0062bf20
0062bf50	16	FUN_0062bf50
0062bf60	133	FUN_0062bf60
0062bff0	124	FUN_0062bff0
0062c070	114	FUN_0062c070
0062c0f0	105	FUN_0062c0f0
0062c160	109	FUN_0062c160
0062c1d0	107	FUN_0062c1d0
0062c240	246	FUN_0062c240
0062c340	123	FUN_0062c340
0062c3c0	144	FUN_0062c3c0
0062c450	108	FUN_0062c450
0062c4c0	125	FUN_0062c4c0
0062c540	105	FUN_0062c540
0062c5b0	42	FUN_0062c5b0
0062c5e0	148	FUN_0062c5e0
0062c690	365	FUN_0062c690
0062c880	83	FUN_0062c880
0062c8e0	1840	FUN_0062c8e0
0062d030	257	FUN_0062d030
0062d140	26	FUN_0062d140
0062d160	726	FUN_0062d160
0062d440	874	FUN_0062d440
0062d7b0	1	FUN_0062d7b0
0062d7e0	905	FUN_0062d7e0
0062db70	44	FUN_0062db70
0062dba0	33	FUN_0062dba0
0062dbd0	37	FUN_0062dbd0
0062dc00	77	FUN_0062dc00
0062dc50	138	FUN_0062dc50
0062dce0	107	FUN_0062dce0
0062dd50	44	FUN_0062dd50
0062dd80	49	FUN_0062dd80
0062ddc0	1	FUN_0062ddc0
0062ddd0	147	FUN_0062ddd0
0062dea0	64	FUN_0062dea0
0062dee0	75	FUN_0062dee0
0062df30	83	FUN_0062df30
0062df90	969	FUN_0062df90
0062e360	2922	FUN_0062e360
0062eed0	110	FUN_0062eed0
0062ef40	68	FUN_0062ef40
0062ef90	222	FUN_0062ef90
0062f070	188	FUN_0062f070
0062f130	30	FUN_0062f130
0062f170	29	FUN_0062f170
0062f230	121	FUN_0062f230
0062f2b0	48	FUN_0062f2b0
0062f2e0	52	FUN_0062f2e0
0062f320	188	FUN_0062f320
0062f3e0	63	FUN_0062f3e0
0062f420	92	FUN_0062f420
0062f480	142	FUN_0062f480
0062f510	574	FUN_0062f510
0062f750	1033	FUN_0062f750
0062fb60	236	FUN_0062fb60
0062fc50	136	FUN_0062fc50
0062fce0	132	FUN_0062fce0
0062fd70	577	FUN_0062fd70
0062ffc0	755	FUN_0062ffc0
006302c0	95	FUN_006302c0
00630320	1479	FUN_00630320
00630910	1805	FUN_00630910
00631040	205	FUN_00631040
00631120	1262	FUN_00631120
00631670	744	FUN_00631670
00631960	628	FUN_00631960
00631be0	75	FUN_00631be0
00631c30	51	FUN_00631c30
00631c70	160	FUN_00631c70
00631d70	11	FUN_00631d70
00631d80	135	FUN_00631d80
00631e10	698	FUN_00631e10
00632110	269	FUN_00632110
00632230	357	FUN_00632230
006323a0	209	FUN_006323a0
00632480	342	FUN_00632480
00632630	98	FUN_00632630
006326a0	58	FUN_006326a0
006326e0	86	FUN_006326e0
00632800	499	FUN_00632800
00632a00	2390	FUN_00632a00
00633360	381	FUN_00633360
006334f0	147	FUN_006334f0
006335e0	144	FUN_006335e0
00633670	146	FUN_00633670
00633710	205	FUN_00633710
006337e0	199	FUN_006337e0
006338c0	6	FUN_006338c0
006338d0	61	FUN_006338d0
00633910	1303	FUN_00633910
00633ef0	1313	FUN_00633ef0
00634420	83	FUN_00634420
006344a0	78	FUN_006344a0
006346c0	69	FUN_006346c0
00634710	206	FUN_00634710
006347e0	72	FUN_006347e0
00634830	78	FUN_00634830
00634880	89	FUN_00634880
006348e0	85	FUN_006348e0
00634b20	325	FUN_00634b20
00634ef0	293	FUN_00634ef0
00635020	68	FUN_00635020
00635070	82	FUN_00635070
006350d0	84	FUN_006350d0
00635130	29	FUN_00635130
00635150	22	FUN_00635150
00635180	322	FUN_00635180
006352d0	842	FUN_006352d0
00635620	308	FUN_00635620
00635760	841	FUN_00635760
00635ab0	93	FUN_00635ab0
00635b10	83	FUN_00635b10
00635b70	259	FUN_00635b70
00635c80	23	FUN_00635c80
00635ca0	307	FUN_00635ca0
00635de0	71	FUN_00635de0
00635e30	552	FUN_00635e30
00636080	129	FUN_00636080
00636110	141	FUN_00636110
006361a0	81	FUN_006361a0
00636200	786	FUN_00636200
00636520	126	FUN_00636520
006365a0	751	FUN_006365a0
00636890	147	FUN_00636890
00636930	968	FUN_00636930
00636d00	55	FUN_00636d00
00636e70	147	FUN_00636e70
00636f40	222	FUN_00636f40
00637020	94	FUN_00637020
00637080	103	FUN_00637080
006370f0	188	FUN_006370f0
006371b0	71	FUN_006371b0
00637200	545	FUN_00637200
00637430	125	FUN_00637430
006374f0	192	FUN_006374f0
006375b0	147	FUN_006375b0
00637680	45	FUN_00637680
006376b0	6	FUN_006376b0
006376c0	69	FUN_006376c0
00637710	357	FUN_00637710
00637880	482	FUN_00637880
00637a70	361	FUN_00637a70
00637be0	31	FUN_00637be0
00637c00	225	FUN_00637c00
00637cf0	342	FUN_00637cf0
00637e50	485	FUN_00637e50
00638080	19	FUN_00638080
006380a0	282	FUN_006380a0
006381c0	596	FUN_006381c0
00638420	319	FUN_00638420
00638560	107	FUN_00638560
006385d0	67	FUN_006385d0
00638620	203	FUN_00638620
006386f0	355	FUN_006386f0
00638900	1641	FUN_00638900
00638f90	358	FUN_00638f90
00639100	171	FUN_00639100
006391b0	298	FUN_006391b0
006392e0	69	FUN_006392e0
00639330	147	FUN_00639330
00639400	239	FUN_00639400
006394f0	133	FUN_006394f0
00639580	229	FUN_00639580
00639670	76	FUN_00639670
006396c0	233	FUN_006396c0
006397b0	329	FUN_006397b0
00639900	516	FUN_00639900
00639b10	49	FUN_00639b10
00639b50	76	FUN_00639b50
00639ba0	233	FUN_00639ba0
00639c90	318	FUN_00639c90
00639dd0	517	FUN_00639dd0
0063a020	234	FUN_0063a020
0063a110	230	FUN_0063a110
0063a200	154	FUN_0063a200
0063a2a0	65	FUN_0063a2a0
0063a2f0	103	FUN_0063a2f0
0063a360	561	FUN_0063a360
0063a5a0	125	FUN_0063a5a0
0063a620	104	FUN_0063a620
0063a690	84	FUN_0063a690
0063a750	1397	FUN_0063a750
0063acd0	153	FUN_0063acd0
0063ad70	217	FUN_0063ad70
0063ae80	147	FUN_0063ae80
0063af70	109	FUN_0063af70
0063afe0	55	FUN_0063afe0
0063b1a0	62	FUN_0063b1a0
0063b1e0	135	FUN_0063b1e0
0063b2a0	535	FUN_0063b2a0
0063b790	176	FUN_0063b790
0063b840	290	FUN_0063b840
0063b970	482	FUN_0063b970
0063c2e0	69	FUN_0063c2e0
0063c3a0	67	FUN_0063c3a0
0063c6b0	83	FUN_0063c6b0
0063c870	176	FUN_0063c870
0063c920	105	FUN_0063c920
0063c990	127	FUN_0063c990
0063ca10	2012	FUN_0063ca10
0063d1f0	1797	FUN_0063d1f0
0063d930	147	FUN_0063d930
0063d9e0	183	FUN_0063d9e0
0063dba0	160	FUN_0063dba0
0063dc90	183	FUN_0063dc90
0063dda0	44	FUN_0063dda0
0063dde0	75	FUN_0063dde0
0063de30	249	FUN_0063de30
0063df30	249	FUN_0063df30
0063e030	257	FUN_0063e030
0063e140	273	FUN_0063e140
0063e260	53	FUN_0063e260
0063e2d0	96	FUN_0063e2d0
0063e330	116	FUN_0063e330
0063e3b0	185	FUN_0063e3b0
0063e470	187	FUN_0063e470
0063e540	131	FUN_0063e540
0063e5d0	991	FUN_0063e5d0
0063e9b0	1854	FUN_0063e9b0
0063f0f0	581	FUN_0063f0f0
0063f340	308	FUN_0063f340
0063f480	179	FUN_0063f480
0063f540	54	FUN_0063f540
0063f580	1309	FUN_0063f580
0063faa0	148	FUN_0063faa0
0063fb40	33	FUN_0063fb40
0063fb80	12	FUN_0063fb80
0063fbc0	58	FUN_0063fbc0
0063fc00	21	FUN_0063fc00
0063fc20	43	FUN_0063fc20
0063fc80	171	FUN_0063fc80
0063fd30	232	FUN_0063fd30
0063fea0	1	FUN_0063fea0
0063feb0	147	FUN_0063feb0
0063ff70	94	FUN_0063ff70
0063ffe0	1074	FUN_0063ffe0
00640420	116	FUN_00640420
006404a0	604	FUN_006404a0
00640700	94	FUN_00640700
00640760	315	FUN_00640760
006408d0	128	FUN_006408d0
00640950	141	FUN_00640950
006409e0	102	FUN_006409e0
00640a50	71	FUN_00640a50
00640aa0	183	FUN_00640aa0
00640b60	17	FUN_00640b60
00640b80	1379	FUN_00640b80
00641110	167	FUN_00641110
006411c0	41	FUN_006411c0
006411f0	62	FUN_006411f0
00641230	104	FUN_00641230
006412a0	72	FUN_006412a0
00641310	68	FUN_00641310
00641360	85	FUN_00641360
006413c0	30	FUN_006413c0
006413e0	103	FUN_006413e0
00641450	171	FUN_00641450
00641500	92	FUN_00641500
00641850	319	FUN_00641850
006419d0	99	FUN_006419d0
00641ad0	47	FUN_00641ad0
00641da0	340	FUN_00641da0
00641f00	583	FUN_00641f00
00642150	549	FUN_00642150
006423a0	188	FUN_006423a0
00642490	43	FUN_00642490
006424c0	80	FUN_006424c0
00642510	113	FUN_00642510
00642590	70	FUN_00642590
006425e0	171	FUN_006425e0
006426e0	319	FUN_006426e0
00642820	147	FUN_00642820
006428f0	452	FUN_006428f0
00642ac0	52	FUN_00642ac0
00642b00	57	FUN_00642b00
00642b70	126	FUN_00642b70
00642c00	568	FUN_00642c00
00642e40	623	FUN_00642e40
00643460	347	FUN_00643460
006435c0	352	FUN_006435c0
00643720	888	FUN_00643720
00643aa0	618	FUN_00643aa0
00643d10	267	FUN_00643d10
00643e20	160	FUN_00643e20
00643ec0	1685	FUN_00643ec0
00644560	73	FUN_00644560
006445b0	151	FUN_006445b0
00644650	169	FUN_00644650
00644700	930	FUN_00644700
00644ab0	772	FUN_00644ab0
00644dc0	1014	FUN_00644dc0
006451c0	646	FUN_006451c0
00645450	53	FUN_00645450
00645490	96	FUN_00645490
00645500	70	FUN_00645500
00645550	258	FUN_00645550
00645660	611	FUN_00645660
006458d0	1610	FUN_006458d0
00645f20	3992	FUN_00645f20
00646f60	147	FUN_00646f60
00647020	34	FUN_00647020
00647050	245	FUN_00647050
00647150	433	FUN_00647150
00647310	287	FUN_00647310
00647430	550	FUN_00647430
00647660	270	FUN_00647660
006477f0	92	FUN_006477f0
00647850	775	FUN_00647850
00647b60	162	FUN_00647b60
00647eb0	158	FUN_00647eb0
00647f80	174	FUN_00647f80
00648040	55	FUN_00648040
00648080	147	FUN_00648080
00648140	12	FUN_00648140
00648170	64	FUN_00648170
006481b0	62	FUN_006481b0
006481f0	9	FUN_006481f0
00648200	133	FUN_00648200
00648290	254	FUN_00648290
00648390	842	FUN_00648390
006486e0	84	FUN_006486e0
00648740	258	FUN_00648740
00648850	231	FUN_00648850
00648940	1	FUN_00648940
00648970	912	FUN_00648970
00648d00	114	FUN_00648d00
00648d80	85	FUN_00648d80
00648de0	91	FUN_00648de0
00648e40	184	FUN_00648e40
00648f60	739	FUN_00648f60
006497a0	147	FUN_006497a0
00649880	335	FUN_00649880
00649a20	156	FUN_00649a20
00649ac0	62	FUN_00649ac0
00649b00	130	FUN_00649b00
00649b90	178	FUN_00649b90
00649c50	496	FUN_00649c50
00649e40	113	FUN_00649e40
0064a000	108	FUN_0064a000
0064a070	174	FUN_0064a070
0064a130	2188	FUN_0064a130
0064ab60	126	FUN_0064ab60
0064ad30	336	FUN_0064ad30
0064ae80	66	FUN_0064ae80
0064aed0	793	FUN_0064aed0
0064b1f0	776	FUN_0064b1f0
0064b500	295	FUN_0064b500
0064b630	2460	FUN_0064b630
0064bfd0	544	FUN_0064bfd0
0064c200	54	FUN_0064c200
0064c240	147	FUN_0064c240
0064c310	203	FUN_0064c310
0064c3e0	205	FUN_0064c3e0
0064c4b0	199	FUN_0064c4b0
0064c5a0	43	FUN_0064c5a0
0064c5d0	864	FUN_0064c5d0
0064c930	1179	FUN_0064c930
0064cdd0	54	FUN_0064cdd0
0064ce30	321	FUN_0064ce30
0064cf80	161	FUN_0064cf80
0064d030	394	FUN_0064d030
0064d1c0	46	FUN_0064d1c0
0064d1f0	48	FUN_0064d1f0
0064d220	145	FUN_0064d220
0064d2c0	5169	FUN_0064d2c0
0064e720	167	FUN_0064e720
0064e810	135	FUN_0064e810
0064e8a0	1482	FUN_0064e8a0
0064ef10	1136	FUN_0064ef10
0064f380	256	FUN_0064f380
0064f500	1376	FUN_0064f500
0064fa60	570	FUN_0064fa60
00650410	668	FUN_00650410
006506b0	1	FUN_006506b0
006506c0	94	FUN_006506c0
00650790	1569	FUN_00650790
00650df0	1020	FUN_00650df0
006511f0	1	FUN_006511f0
00651220	147	FUN_00651220
006512e0	66	FUN_006512e0
00651330	173	FUN_00651330
00651420	119	FUN_00651420
00651c90	51	FUN_00651c90
00651cd0	608	FUN_00651cd0
00652200	49	FUN_00652200
00652260	43	FUN_00652260
00652290	901	FUN_00652290
00652620	95	FUN_00652620
00652680	240	FUN_00652680
00652780	316	FUN_00652780
006528c0	298	FUN_006528c0
006529f0	175	FUN_006529f0
00652ab0	210	FUN_00652ab0
00652b90	91	FUN_00652b90
00652bf0	270	FUN_00652bf0
00652d00	314	FUN_00652d00
00652e50	431	FUN_00652e50
00653000	120	FUN_00653000
00653080	378	FUN_00653080
00653250	470	FUN_00653250
00653440	1	FUN_00653440
00653450	1	FUN_00653450
006536c0	96	FUN_006536c0
00653720	48	FUN_00653720
00653750	153	FUN_00653750
006537f0	609	FUN_006537f0
00653af0	291	FUN_00653af0
00653c20	185	FUN_00653c20
00653ce0	71	FUN_00653ce0
00653d40	552	FUN_00653d40
006540e0	120	FUN_006540e0
00654160	97	FUN_00654160
006547d0	48	FUN_006547d0
00654800	42	FUN_00654800
00654900	33	FUN_00654900
00654930	42	FUN_00654930
00654e20	10	FUN_00654e20
00654e30	453	FUN_00654e30
00655000	271	FUN_00655000
00655110	164	FUN_00655110
00655240	783	FUN_00655240
00655550	88	FUN_00655550
006555b0	89	FUN_006555b0
00655610	193	FUN_00655610
00655790	512	FUN_00655790
00655990	69	FUN_00655990
006559e0	314	FUN_006559e0
00655b50	65	FUN_00655b50
00655ba0	69	FUN_00655ba0
00655bf0	70	FUN_00655bf0
00655ca0	425	FUN_00655ca0
00655e50	50	FUN_00655e50
00655e90	96	FUN_00655e90
00655ef0	72	FUN_00655ef0
00655fa0	145	FUN_00655fa0
00656040	107	FUN_00656040
006560b0	116	FUN_006560b0
00656130	203	FUN_00656130
00656220	587	FUN_00656220
00656470	351	FUN_00656470
006565d0	63	FUN_006565d0
00656610	80	FUN_00656610
00656660	59	FUN_00656660
006566a0	147	FUN_006566a0
006567a0	43	FUN_006567a0
006567d0	309	FUN_006567d0
00656910	119	FUN_00656910
00656990	74	FUN_00656990
00656a10	90	FUN_00656a10
00656a70	49	FUN_00656a70
00656b10	140	FUN_00656b10
00656ba0	83	FUN_00656ba0
00656c50	136	FUN_00656c50
00656ce0	199	FUN_00656ce0
00656db0	424	FUN_00656db0
00656f60	427	FUN_00656f60
00657120	49	FUN_00657120
00657160	248	FUN_00657160
00657260	12	FUN_00657260
00657270	43	FUN_00657270
006572a0	248	FUN_006572a0
006573e0	1327	FUN_006573e0
00657910	121	FUN_00657910
00657990	1013	FUN_00657990
00657d90	158	FUN_00657d90
00657e60	98	FUN_00657e60
00657ed0	132	FUN_00657ed0
00657f60	154	FUN_00657f60
00658000	154	FUN_00658000
00658200	81	FUN_00658200
00658260	551	FUN_00658260
00658490	83	FUN_00658490
006584f0	1119	FUN_006584f0
00658950	50	FUN_00658950
00658990	1071	FUN_00658990
00658dc0	99	FUN_00658dc0
00658ff0	197	FUN_00658ff0
006590c0	77	FUN_006590c0
00659110	650	FUN_00659110
00659480	363	FUN_00659480
006595f0	373	FUN_006595f0
00659770	424	FUN_00659770
00659950	147	FUN_00659950
00659a20	482	FUN_00659a20
00659c10	128	FUN_00659c10
00659c90	47	FUN_00659c90
00659cc0	124	FUN_00659cc0
00659d40	621	FUN_00659d40
00659fb0	235	FUN_00659fb0
0065a0a0	81	FUN_0065a0a0
0065a100	1267	FUN_0065a100
0065a600	5075	FUN_0065a600
0065ba00	147	FUN_0065ba00
0065bac0	128	FUN_0065bac0
0065bed0	469	FUN_0065bed0
0065c0b0	303	FUN_0065c0b0
0065c1e0	312	FUN_0065c1e0
0065c320	136	FUN_0065c320
0065c3f0	147	FUN_0065c3f0
0065c4c0	58	FUN_0065c4c0
0065c500	44	FUN_0065c500
0065c530	52	FUN_0065c530
0065c570	54	FUN_0065c570
0065c5b0	45	FUN_0065c5b0
0065c5e0	181	FUN_0065c5e0
0065c6a0	119	FUN_0065c6a0
0065c720	351	FUN_0065c720
0065c880	126	FUN_0065c880
0065c900	138	FUN_0065c900
0065ca80	66	FUN_0065ca80
0065cad0	320	FUN_0065cad0
0065cc10	76	FUN_0065cc10
0065cc60	3134	FUN_0065cc60
0065d920	137	FUN_0065d920
0065d9b0	97	FUN_0065d9b0
0065da20	550	FUN_0065da20
0065dc50	427	FUN_0065dc50
0065de00	787	FUN_0065de00
0065e120	325	FUN_0065e120
0065e270	90	FUN_0065e270
0065e2d0	284	FUN_0065e2d0
0065e3f0	211	FUN_0065e3f0
0065e4d0	365	FUN_0065e4d0
0065e660	1	FUN_0065e660
0065e690	11	FUN_0065e690
0065e6a0	23	FUN_0065e6a0
0065e6c0	21	FUN_0065e6c0
0065e6e0	62	FUN_0065e6e0
0065e720	91	FUN_0065e720
0065e780	1217	FUN_0065e780
0065ecb0	132	FUN_0065ecb0
0065ed40	97	FUN_0065ed40
0065efe0	228	FUN_0065efe0
0065f0d0	292	FUN_0065f0d0
0065f200	682	FUN_0065f200
0065f4b0	1284	FUN_0065f4b0
0065f9d0	147	FUN_0065f9d0
0065fac0	185	FUN_0065fac0
0065ff20	84	FUN_0065ff20
0065ff80	161	FUN_0065ff80
00660250	420	FUN_00660250
00660580	386	FUN_00660580
00660710	374	FUN_00660710
006616b0	160	FUN_006616b0
00661750	493	FUN_00661750
00661940	162	FUN_00661940
006619f0	119	FUN_006619f0
00661a90	94	FUN_00661a90
00661c30	73	FUN_00661c30
00661c80	224	FUN_00661c80
00661d60	695	FUN_00661d60
006621a0	896	FUN_006621a0
00662530	818	FUN_00662530
00662870	55	FUN_00662870
00662a50	98	FUN_00662a50
00662ac0	346	FUN_00662ac0
00662e90	143	FUN_00662e90
00663020	170	FUN_00663020
00663300	127	FUN_00663300
00663380	53	FUN_00663380
006633c0	324	FUN_006633c0
00663770	104	FUN_00663770
00663810	35	FUN_00663810
00663840	147	FUN_00663840
00663910	21	FUN_00663910
00663ad0	670	FUN_00663ad0
00663db0	53	FUN_00663db0
00663df0	53	FUN_00663df0
00663e30	136	FUN_00663e30
00663ec0	239	FUN_00663ec0
00663fb0	2387	FUN_00663fb0
00664920	147	FUN_00664920
006649e0	147	FUN_006649e0
00664ab0	357	FUN_00664ab0
00664c20	219	FUN_00664c20
00664d00	252	FUN_00664d00
00664e00	390	FUN_00664e00
00664f90	395	FUN_00664f90
00665120	601	FUN_00665120
00665380	654	FUN_00665380
00665610	297	FUN_00665610
006657d0	194	FUN_006657d0
006658a0	325	FUN_006658a0
00665b10	40	FUN_00665b10
00665c00	134	FUN_00665c00
00665ee0	10	FUN_00665ee0
00665ef0	12	FUN_00665ef0
00665f10	71	FUN_00665f10
00665f80	548	FUN_00665f80
006661b0	101	FUN_006661b0
006662d0	170	FUN_006662d0
00666380	25	FUN_00666380
006663a0	93	FUN_006663a0
00666420	104	FUN_00666420
00666610	308	FUN_00666610
00666750	111	FUN_00666750
006667f0	152	FUN_006667f0
00666890	414	FUN_00666890
00666a30	1851	FUN_00666a30
00667340	165	FUN_00667340
006673f0	318	FUN_006673f0
00667530	331	FUN_00667530
00667680	306	FUN_00667680
006677c0	727	FUN_006677c0
00667aa0	253	FUN_00667aa0
00667ba0	183	FUN_00667ba0
00667c60	4841	FUN_00667c60
00668f60	310	FUN_00668f60
006690a0	273	FUN_006690a0
006691c0	183	FUN_006691c0
00669280	636	FUN_00669280
00669500	285	FUN_00669500
00669620	183	FUN_00669620
006696e0	5613	FUN_006696e0
0066ad60	1673	FUN_0066ad60
0066b400	823	FUN_0066b400
0066b740	54	FUN_0066b740
0066b780	108	FUN_0066b780
0066b7f0	177	FUN_0066b7f0
0066b8b0	111	FUN_0066b8b0
0066b920	78	FUN_0066b920
0066b970	369	FUN_0066b970
0066baf0	259	FUN_0066baf0
0066bc00	106	FUN_0066bc00
0066c2c0	285	FUN_0066c2c0
0066c3e0	603	FUN_0066c3e0
0066ca00	524	FUN_0066ca00
0066cc20	518	FUN_0066cc20
0066ce30	141	FUN_0066ce30
0066cec0	161	FUN_0066cec0
0066cf70	66	FUN_0066cf70
0066cfc0	434	FUN_0066cfc0
0066d180	1	FUN_0066d180
0066d190	2081	FUN_0066d190
0066d9c0	55	FUN_0066d9c0
0066ddf0	56	FUN_0066ddf0
0066e2e0	401	FUN_0066e2e0
0066e4b0	691	FUN_0066e4b0
0066e8b0	200	FUN_0066e8b0
0066e980	59	FUN_0066e980
0066e9c0	546	FUN_0066e9c0
0066ebf0	54	FUN_0066ebf0
0066ec60	101	FUN_0066ec60
0066edc0	56	FUN_0066edc0
0066f1a0	85	FUN_0066f1a0
0066f2f0	170	FUN_0066f2f0
0066f3d0	130	FUN_0066f3d0
0066f600	231	FUN_0066f600
0066f6f0	447	FUN_0066f6f0
0066f8b0	218	FUN_0066f8b0
0066fc90	148	FUN_0066fc90
0066fee0	69	FUN_0066fee0
00670030	134	FUN_00670030
006700c0	132	FUN_006700c0
00670280	321	FUN_00670280
00670440	77	FUN_00670440
006704c0	186	FUN_006704c0
00670760	331	FUN_00670760
006708d0	209	FUN_006708d0
006709b0	55	FUN_006709b0
006709f0	107	FUN_006709f0
00670c40	147	FUN_00670c40
00670d30	74	FUN_00670d30
00670d80	168	FUN_00670d80
00670e30	178	FUN_00670e30
00670ef0	38	FUN_00670ef0
00670f20	211	FUN_00670f20
00671000	36	FUN_00671000
00671030	44	FUN_00671030
00671060	56	FUN_00671060
006710a0	47	FUN_006710a0
006710d0	10	FUN_006710d0
006710e0	47	FUN_006710e0
00671110	1	FUN_00671110
00671120	138	FUN_00671120
006711b0	10	FUN_006711b0
006711c0	94	FUN_006711c0
00671220	1	FUN_00671220
00671240	10	FUN_00671240
00671250	153	FUN_00671250
006712f0	41	FUN_006712f0
00671320	34	FUN_00671320
00671350	10	FUN_00671350
00671360	153	FUN_00671360
00671400	41	FUN_00671400
00671430	101	FUN_00671430
006714a0	10	FUN_006714a0
006714b0	116	FUN_006714b0
00671530	41	FUN_00671530
00671560	159	FUN_00671560
00671600	10	FUN_00671600
00671610	110	FUN_00671610
00671680	20	FUN_00671680
006716a0	42	FUN_006716a0
006716d0	829	FUN_006716d0
00671a10	10	FUN_00671a10
00671a20	170	FUN_00671a20
00671ad0	41	FUN_00671ad0
00671b00	41	FUN_00671b00
00671b90	147	FUN_00671b90
00671d10	95	FUN_00671d10
00671d70	95	FUN_00671d70
00671e10	444	FUN_00671e10
00672020	66	FUN_00672020
00672070	422	FUN_00672070
00672220	76	FUN_00672220
00672270	152	FUN_00672270
00672310	104	FUN_00672310
00672380	48	FUN_00672380
006723b0	40	FUN_006723b0
006723e0	122	FUN_006723e0
00672460	43	FUN_00672460
00672490	143	FUN_00672490
00672520	32	FUN_00672520
00672540	577	FUN_00672540
00672790	156	FUN_00672790
00672870	271	FUN_00672870
00672980	325	FUN_00672980
00672ad0	96	FUN_00672ad0
00672b80	122	FUN_00672b80
00672c00	96	FUN_00672c00
00672c60	298	FUN_00672c60
00672d90	184	FUN_00672d90
00672e50	120	FUN_00672e50
00672ed0	142	FUN_00672ed0
00672f80	428	FUN_00672f80
00673130	562	FUN_00673130
00673370	170	FUN_00673370
00673420	494	FUN_00673420
00673610	1480	FUN_00673610
00673be0	773	FUN_00673be0
00673ef0	288	FUN_00673ef0
00674010	270	FUN_00674010
00674140	237	FUN_00674140
00674230	485	FUN_00674230
00674420	484	FUN_00674420
00674610	547	FUN_00674610
00674860	61	FUN_00674860
006748a0	178	FUN_006748a0
00674a00	450	FUN_00674a00
00674bf0	24	FUN_00674bf0
00674c30	1	FUN_00674c30
00674c50	121	FUN_00674c50
00674cd0	41	FUN_00674cd0
00674d30	142	FUN_00674d30
00674dd0	581	FUN_00674dd0
006750d0	763	FUN_006750d0
006753d0	83	FUN_006753d0
00675430	103	FUN_00675430
006754c0	518	FUN_006754c0
006756d0	198	FUN_006756d0
006757a0	779	FUN_006757a0
00675ab0	176	FUN_00675ab0
00675b60	1851	FUN_00675b60
006762c0	35	FUN_006762c0
00676320	147	FUN_00676320
006763f0	218	FUN_006763f0
006764f0	43	FUN_006764f0
00676520	85	FUN_00676520
00676650	225	FUN_00676650
00676750	48	FUN_00676750
00676780	337	FUN_00676780
006768e0	83	FUN_006768e0
00676940	34	FUN_00676940
00676a00	1460	FUN_00676a00
00676fc0	1272	FUN_00676fc0
00678170	49	FUN_00678170
00678280	399	FUN_00678280
006784c0	435	FUN_006784c0
00678950	108	FUN_00678950
00678b90	1	FUN_00678b90
00678ce0	18	FUN_00678ce0
00678d00	18	FUN_00678d00
00678e00	76	FUN_00678e00
00678e50	157	FUN_00678e50
00678ef0	198	FUN_00678ef0
00678fc0	85	FUN_00678fc0
00679110	81	FUN_00679110
00679170	324	FUN_00679170
006792c0	298	FUN_006792c0
006793f0	202	FUN_006793f0
006794c0	67	FUN_006794c0
00679580	88	FUN_00679580
006795e0	248	FUN_006795e0
006796e0	210	FUN_006796e0
006797c0	70	FUN_006797c0
00679850	65	FUN_00679850
006798b0	45	FUN_006798b0
006798e0	45	FUN_006798e0
00679950	99	FUN_00679950
006799c0	99	FUN_006799c0
00679a30	68	FUN_00679a30
00679a80	68	FUN_00679a80
00679af0	69	FUN_00679af0
00679b60	115	FUN_00679b60
00679be0	140	FUN_00679be0
00679ca0	238	FUN_00679ca0
00679d90	167	FUN_00679d90
00679e40	1299	FUN_00679e40
0067a360	117	FUN_0067a360
0067a3e0	427	FUN_0067a3e0
0067a590	588	FUN_0067a590
0067a810	39	FUN_0067a810
0067a840	39	FUN_0067a840
0067a870	400	FUN_0067a870
0067aa00	1	FUN_0067aa00
0067aa40	81	FUN_0067aa40
0067aaa0	59	FUN_0067aaa0
0067aae0	231	FUN_0067aae0
0067abf0	630	FUN_0067abf0
0067af40	93	FUN_0067af40
0067afa0	205	FUN_0067afa0
0067b120	135	FUN_0067b120
0067b270	575	FUN_0067b270
0067b4d0	186	FUN_0067b4d0
0067b5e0	74	FUN_0067b5e0
0067b630	69	FUN_0067b630
0067b680	54	FUN_0067b680
0067b6c0	1	FUN_0067b6c0
0067b6d0	66	FUN_0067b6d0
0067b720	26	FUN_0067b720
0067b7a0	187	FUN_0067b7a0
0067b880	60	FUN_0067b880
0067b920	152	FUN_0067b920
0067b9c0	242	FUN_0067b9c0
0067bac0	540	FUN_0067bac0
0067bce0	411	FUN_0067bce0
0067be90	54	FUN_0067be90
0067bee0	292	FUN_0067bee0
0067c010	68	FUN_0067c010
0067c070	147	FUN_0067c070
0067c140	53	FUN_0067c140
0067c180	60	FUN_0067c180
0067c1d0	1246	FUN_0067c1d0
0067c6b0	2682	FUN_0067c6b0
0067d130	54	FUN_0067d130
0067d170	303	FUN_0067d170
0067d2a0	44	FUN_0067d2a0
0067d2f0	147	FUN_0067d2f0
0067d3c0	2081	FUN_0067d3c0
0067dca0	1	FUN_0067dca0
0067dd00	136	FUN_0067dd00
0067dd90	167	FUN_0067dd90
0067de60	82	FUN_0067de60
0067dec0	82	FUN_0067dec0
0067e080	112	FUN_0067e080
0067e0f0	31	FUN_0067e0f0
0067e110	40	FUN_0067e110
0067e250	1	FUN_0067e250
0067e260	1	FUN_0067e260
0067e2d0	147	FUN_0067e2d0
0067e3b0	119	FUN_0067e3b0
0067e430	141	FUN_0067e430
0067e4c0	54	FUN_0067e4c0
0067e500	68	FUN_0067e500
0067e580	105	FUN_0067e580
0067e5f0	136	FUN_0067e5f0
0067e680	74	FUN_0067e680
0067e6d0	1157	FUN_0067e6d0
0067eb60	84	FUN_0067eb60
0067ebc0	120	FUN_0067ebc0
0067ec40	876	FUN_0067ec40
0067efc0	81	FUN_0067efc0
0067f020	140	FUN_0067f020
0067f0b0	634	FUN_0067f0b0
0067f330	111	FUN_0067f330
0067f3a0	1261	FUN_0067f3a0
0067f890	666	FUN_0067f890
0067fb30	693	FUN_0067fb30
0067fdf0	241	FUN_0067fdf0
0067ff50	64	FUN_0067ff50
0067ff90	71	FUN_0067ff90
0067ffe0	159	FUN_0067ffe0
00680140	63	FUN_00680140
006801a0	139	FUN_006801a0
00680270	93	FUN_00680270
006802d0	70	FUN_006802d0
00680320	49	FUN_00680320
00680360	49	FUN_00680360
006803c0	47	FUN_006803c0
00680410	63	FUN_00680410
006804f0	58	FUN_006804f0
00680670	69	FUN_00680670
006807b0	81	FUN_006807b0
00680820	72	FUN_00680820
00680950	51	FUN_00680950
00680b60	93	FUN_00680b60
00680d60	254	FUN_00680d60
00680e60	122	FUN_00680e60
00680ee0	351	FUN_00680ee0
00681040	743	FUN_00681040
00681380	291	FUN_00681380
006814b0	220	FUN_006814b0
00681ca0	44	FUN_00681ca0
00681cd0	44	FUN_00681cd0
00681d60	1742	FUN_00681d60
00682430	660	FUN_00682430
006826d0	4855	FUN_006826d0
00684030	319	FUN_00684030
00684190	147	FUN_00684190
00684240	194	FUN_00684240
00684360	25	FUN_00684360
00684380	53	FUN_00684380
006843c0	49	FUN_006843c0
00684400	40	FUN_00684400
00684430	70	FUN_00684430
00684480	108	FUN_00684480
00684560	183	FUN_00684560
00684620	38	FUN_00684620
00684650	99	FUN_00684650
00684810	128	FUN_00684810
006848c0	99	FUN_006848c0
006849f0	100	FUN_006849f0
00684a60	98	FUN_00684a60
00684ad0	100	FUN_00684ad0
00684b40	50	FUN_00684b40
00684bc0	31	FUN_00684bc0
00684be0	37	FUN_00684be0
00684c10	37	FUN_00684c10
00684c40	37	FUN_00684c40
00684c70	51	FUN_00684c70
00684d30	75	FUN_00684d30
00684df0	37	FUN_00684df0
00684e20	38	FUN_00684e20
00684e50	123	FUN_00684e50
00684ed0	123	FUN_00684ed0
00684f50	37	FUN_00684f50
00684f80	118	FUN_00684f80
00685000	155	FUN_00685000
006850a0	156	FUN_006850a0
00685140	133	FUN_00685140
006851d0	61	FUN_006851d0
00685210	46	FUN_00685210
00685270	45	FUN_00685270
00685350	143	FUN_00685350
006853e0	163	FUN_006853e0
00685650	21	FUN_00685650
00685670	21	FUN_00685670
00685690	68	FUN_00685690
00685730	68	FUN_00685730
00685780	101	FUN_00685780
006857f0	101	FUN_006857f0
00685860	101	FUN_00685860
006858d0	372	FUN_006858d0
00685a50	35	FUN_00685a50
00685a80	35	FUN_00685a80
00685ab0	89	FUN_00685ab0
00685ba0	111	FUN_00685ba0
00685c10	105	FUN_00685c10
00685c80	81	FUN_00685c80
00685ce0	149	FUN_00685ce0
00685d80	85	FUN_00685d80
00685de0	33	FUN_00685de0
00685e40	211	FUN_00685e40
00685f20	172	FUN_00685f20
00685fd0	200	FUN_00685fd0
006860a0	213	FUN_006860a0
00686180	170	FUN_00686180
00686270	207	FUN_00686270
00686340	172	FUN_00686340
006863f0	261	FUN_006863f0
00686500	273	FUN_00686500
00686620	706	FUN_00686620
006868f0	558	FUN_006868f0
00686b20	109	FUN_00686b20
00686b90	151	FUN_00686b90
00686c30	212	FUN_00686c30
00686d10	110	FUN_00686d10
00686d80	351	FUN_00686d80
006871e0	1251	FUN_006871e0
006876d0	268	FUN_006876d0
006877e0	269	FUN_006877e0
006878f0	1074	FUN_006878f0
00687d30	75	FUN_00687d30
00687d80	75	FUN_00687d80
00687dd0	75	FUN_00687dd0
00687e20	75	FUN_00687e20
00687e70	75	FUN_00687e70
00687ec0	75	FUN_00687ec0
00688070	308	FUN_00688070
006881b0	25	FUN_006881b0
006881d0	26	FUN_006881d0
006881f0	26	FUN_006881f0
00688210	26	FUN_00688210
00688330	391	FUN_00688330
006884c0	198	FUN_006884c0
006886d0	400	FUN_006886d0
006889b0	189	FUN_006889b0
00688a70	104	FUN_00688a70
00688c50	158	FUN_00688c50
00688cf0	152	FUN_00688cf0
00688d90	160	FUN_00688d90
00688e30	172	FUN_00688e30
00688fe0	36	FUN_00688fe0
00689060	53	FUN_00689060
00689100	36	FUN_00689100
00689130	84	FUN_00689130
006891e0	266	FUN_006891e0
006892f0	323	FUN_006892f0
00689440	410	FUN_00689440
006895e0	429	FUN_006895e0
00689790	285	FUN_00689790
00689910	164	FUN_00689910
00689a20	174	FUN_00689a20
00689b00	88	FUN_00689b00
00689b60	75	FUN_00689b60
00689bb0	188	FUN_00689bb0
00689c70	221	FUN_00689c70
00689d50	191	FUN_00689d50
00689e10	221	FUN_00689e10
00689ef0	467	FUN_00689ef0
0068a130	669	FUN_0068a130
0068a430	609	FUN_0068a430
0068a6a0	196	FUN_0068a6a0
0068a7b0	48	FUN_0068a7b0
0068a8b0	320	FUN_0068a8b0
0068a9f0	154	FUN_0068a9f0
0068aa90	230	FUN_0068aa90
0068ab80	230	FUN_0068ab80
0068ac70	230	FUN_0068ac70
0068ad60	230	FUN_0068ad60
0068ae50	252	FUN_0068ae50
0068af50	252	FUN_0068af50
0068b050	763	FUN_0068b050
0068b350	138	FUN_0068b350
0068b3e0	73	FUN_0068b3e0
0068b430	75	FUN_0068b430
0068b480	75	FUN_0068b480
0068b4d0	10	FUN_0068b4d0
0068b4f0	52	FUN_0068b4f0
0068b530	52	FUN_0068b530
0068b570	20	FUN_0068b570
0068b590	22	FUN_0068b590
0068b5b0	25	FUN_0068b5b0
0068b5d0	27	FUN_0068b5d0
0068b5f0	90	FUN_0068b5f0
0068b650	37	FUN_0068b650
0068b7c0	399	FUN_0068b7c0
0068da10	183	FUN_0068da10
0068dd20	81	FUN_0068dd20
0068dd71	326	FUN_0068dd71
0068dec0	105	FUN_0068dec0
0068df30	723	FUN_0068df30
0068e210	456	FUN_0068e210
0068e3e0	76	FUN_0068e3e0
0068e430	208	FUN_0068e430
0068e500	167	FUN_0068e500
0068e5b0	167	FUN_0068e5b0
0068e660	77	FUN_0068e660
0068e6b0	301	FUN_0068e6b0
0068e860	1629	FUN_0068e860
0068ef00	631	FUN_0068ef00
0068f250	400	FUN_0068f250
0068f3e0	94	FUN_0068f3e0
0068f4b0	1	FUN_0068f4b0
0068f590	45	FUN_0068f590
0068f650	84	FUN_0068f650
0068f760	73	FUN_0068f760
0068f7b0	319	FUN_0068f7b0
0068f8f0	270	FUN_0068f8f0
0068fa00	215	FUN_0068fa00
0068fae0	215	FUN_0068fae0
0068fbc0	242	FUN_0068fbc0
0068fcc0	28	FUN_0068fcc0
0068fce0	26	FUN_0068fce0
0068fd00	39	FUN_0068fd00
0068fd60	359	FUN_0068fd60
0068fed0	483	FUN_0068fed0
006900c0	656	FUN_006900c0
006903d0	49	FUN_006903d0
00690410	182	FUN_00690410
006904d0	159	FUN_006904d0
00690570	452	FUN_00690570
00690740	1141	FUN_00690740
00690bc0	115	FUN_00690bc0
00690dc0	288	FUN_00690dc0
00690ee0	81	FUN_00690ee0
00690f40	304	FUN_00690f40
00691070	415	FUN_00691070
00691210	446	FUN_00691210
006913f0	330	FUN_006913f0
00691540	26	FUN_00691540
00691560	274	FUN_00691560
00691710	50	FUN_00691710
00691750	57	FUN_00691750
00691790	141	FUN_00691790
006919f0	282	FUN_006919f0
00691b30	34	FUN_00691b30
00691b90	39	FUN_00691b90
00691bc0	39	FUN_00691bc0
00691c20	147	FUN_00691c20
00691d30	53	FUN_00691d30
00691d80	27	FUN_00691d80
00691db0	163	FUN_00691db0
00691e60	105	FUN_00691e60
00691ed0	21	FUN_00691ed0
00691fe0	196	FUN_00691fe0
006921e0	257	FUN_006921e0
006922f0	212	FUN_006922f0
00692400	128	FUN_00692400
006924e0	196	FUN_006924e0
006925b0	145	FUN_006925b0
00692770	50	FUN_00692770
006928c0	108	FUN_006928c0
00692930	21	FUN_00692930
00692a90	1	FUN_00692a90
00692c00	32	FUN_00692c00
00692c70	105	FUN_00692c70
00692d10	22	FUN_00692d10
00692d30	27	FUN_00692d30
00692d50	32	FUN_00692d50
00692d70	32	FUN_00692d70
00692f20	128	FUN_00692f20
00693010	9	FUN_00693010
006930a0	12	FUN_006930a0
006930b0	31	FUN_006930b0
006930d0	61	FUN_006930d0
00693120	7	FUN_00693120
00693130	208	FUN_00693130
00693200	28	FUN_00693200
00693220	31	FUN_00693220
00693250	31	FUN_00693250
00693270	31	FUN_00693270
00693340	349	FUN_00693340
006934a0	109	FUN_006934a0
00693520	136	FUN_00693520
00693610	76	FUN_00693610
00693660	76	FUN_00693660
006936b0	380	FUN_006936b0
00693b10	156	FUN_00693b10
00693c70	1024	FUN_00693c70
006940c0	55	FUN_006940c0
00694100	55	FUN_00694100
00694140	177	FUN_00694140
00694200	84	FUN_00694200
00694260	46	FUN_00694260
006942a0	16	FUN_006942a0
00694370	42	FUN_00694370
006943f0	620	FUN_006943f0
00694660	82	FUN_00694660
006946c0	110	FUN_006946c0
00694740	110	FUN_00694740
00694890	127	FUN_00694890
00694950	30	FUN_00694950
00694970	31	FUN_00694970
00694990	31	FUN_00694990
006949b0	11	FUN_006949b0
006949d0	13	FUN_006949d0
00694a00	52	FUN_00694a00
00694b70	16	FUN_00694b70
00694b80	8	FUN_00694b80
00694be0	902	FUN_00694be0
00694f70	337	FUN_00694f70
00695120	31	FUN_00695120
00695140	5	FUN_00695140
00695150	3	FUN_00695150
00695160	55	FUN_00695160
006951d0	30	FUN_006951d0
006951f0	388	FUN_006951f0
00695380	173	FUN_00695380
00695430	168	FUN_00695430
006954e0	297	FUN_006954e0
00695610	323	FUN_00695610
00695760	434	FUN_00695760
00695920	323	FUN_00695920
00695a70	30	FUN_00695a70
00695b90	61	FUN_00695b90
00695bd0	64	FUN_00695bd0
00695cf0	92	FUN_00695cf0
00695d50	71	FUN_00695d50
00695db0	58	FUN_00695db0
00695df0	115	FUN_00695df0
00695ea0	565	FUN_00695ea0
006960e0	24	FUN_006960e0
00696100	33	FUN_00696100
00696180	147	FUN_00696180
00696260	48	FUN_00696260
00696290	48	FUN_00696290
006962c0	57	FUN_006962c0
00696340	122	FUN_00696340
006963c0	22	FUN_006963c0
00696440	48	FUN_00696440
00696470	48	FUN_00696470
006964a0	5263	FUN_006964a0
00697ad0	12	FUN_00697ad0
00697b00	51	FUN_00697b00
00697b40	65	FUN_00697b40
00697b90	19	FUN_00697b90
00697c20	57	FUN_00697c20
00697c80	67	FUN_00697c80
00697cf0	161	FUN_00697cf0
00697e40	111	FUN_00697e40
00697eb0	80	FUN_00697eb0
00697f00	63	FUN_00697f00
00697f40	102	FUN_00697f40
00697fb0	126	FUN_00697fb0
00698030	107	FUN_00698030
006980a0	68	FUN_006980a0
006980f0	156	FUN_006980f0
006981a0	307	FUN_006981a0
00698350	96	FUN_00698350
006983c0	130	FUN_006983c0
00698450	99	FUN_00698450
006984c0	108	FUN_006984c0
00698550	431	FUN_00698550
00698700	1038	FUN_00698700
00698b10	283	FUN_00698b10
00698c30	798	FUN_00698c30
00698f50	347	FUN_00698f50
006990b0	1616	FUN_006990b0
00699740	213	FUN_00699740
00699820	356	FUN_00699820
006999b0	690	FUN_006999b0
00699c90	43	FUN_00699c90
00699cc0	62	FUN_00699cc0
00699d00	32	FUN_00699d00
00699d20	46	FUN_00699d20
00699d50	69	FUN_00699d50
00699da0	114	FUN_00699da0
00699f20	36	FUN_00699f20
00699f50	90	FUN_00699f50
0069a060	30	FUN_0069a060
0069a130	34	FUN_0069a130
0069a180	30	FUN_0069a180
0069a1b0	30	FUN_0069a1b0
0069a240	24	FUN_0069a240
0069a310	53	FUN_0069a310
0069a500	25	FUN_0069a500
0069a520	34	FUN_0069a520
0069a550	49	FUN_0069a550
0069a590	122	FUN_0069a590
0069a610	152	FUN_0069a610
0069a6b0	329	FUN_0069a6b0
0069a800	324	FUN_0069a800
0069a950	1	FUN_0069a950
0069a9f0	91	FUN_0069a9f0
0069ae80	58	FUN_0069ae80
0069aec0	474	FUN_0069aec0
0069b0a0	5730	FUN_0069b0a0
0069c750	149	FUN_0069c750
0069c7f0	52	FUN_0069c7f0
0069c830	87	FUN_0069c830
0069c8b0	154	FUN_0069c8b0
0069c9a0	22	FUN_0069c9a0
0069c9c0	12	FUN_0069c9c0
0069c9d0	20	FUN_0069c9d0
0069c9f0	27	FUN_0069c9f0
0069ca10	17	FUN_0069ca10
0069ca30	147	FUN_0069ca30
0069cb00	584	FUN_0069cb00
0069cdb0	55	FUN_0069cdb0
0069cdf0	46	FUN_0069cdf0
0069ce20	46	FUN_0069ce20
0069ce50	75	FUN_0069ce50
0069cea0	55	FUN_0069cea0
0069cee0	607	FUN_0069cee0
0069d150	409	FUN_0069d150
0069d3e0	36	FUN_0069d3e0
0069d450	49	FUN_0069d450
0069d530	35	FUN_0069d530
0069d6e0	23	FUN_0069d6e0
0069d7c0	249	FUN_0069d7c0
0069d8c0	607	FUN_0069d8c0
0069db60	95	FUN_0069db60
0069dbc0	38	FUN_0069dbc0
0069dc50	37	FUN_0069dc50
0069dce0	36	FUN_0069dce0
0069dd30	37	FUN_0069dd30
0069dd60	41	FUN_0069dd60
0069ddc0	54	FUN_0069ddc0
0069de60	90	FUN_0069de60
0069dec0	83	FUN_0069dec0
0069e130	33	FUN_0069e130
0069e160	377	FUN_0069e160
0069e2e0	136	FUN_0069e2e0
0069e3a0	54	FUN_0069e3a0
0069e3e0	37	FUN_0069e3e0
0069e430	36	FUN_0069e430
0069e4b0	37	FUN_0069e4b0
0069e520	41	FUN_0069e520
0069e560	54	FUN_0069e560
0069e6d0	97	FUN_0069e6d0
0069e740	153	FUN_0069e740
0069e7e0	118	FUN_0069e7e0
0069e860	151	FUN_0069e860
0069e900	32	FUN_0069e900
0069e920	150	FUN_0069e920
0069e9c0	112	FUN_0069e9c0
0069ea40	99	FUN_0069ea40
0069eab0	132	FUN_0069eab0
0069eb40	195	FUN_0069eb40
0069ec10	99	FUN_0069ec10
0069ec80	698	FUN_0069ec80
0069ef60	53	FUN_0069ef60
0069f030	131	FUN_0069f030
0069f110	125	FUN_0069f110
0069f18d	36	Catch_All@0069f18d
0069f1b7	105	FUN_0069f1b7
0069f220	48	Catch_All@0069f220
0069f2a0	30	FUN_0069f2a0
0069f2c0	47	FUN_0069f2c0
0069f350	2683	FUN_0069f350
0069fe30	38	FUN_0069fe30
0069fe60	41	FUN_0069fe60
0069fe90	41	FUN_0069fe90
0069fec0	90	FUN_0069fec0
0069ff20	42	FUN_0069ff20
006a0070	50	FUN_006a0070
006a00c0	14	FUN_006a00c0
006a00d0	71	FUN_006a00d0
006a0120	42	FUN_006a0120
006a0150	57	FUN_006a0150
006a0190	218	FUN_006a0190
006a0270	193	FUN_006a0270
006a0370	48	FUN_006a0370
006a03a0	200	FUN_006a03a0
006a04a0	46	FUN_006a04a0
006a0500	107	FUN_006a0500
006a0590	50	FUN_006a0590
006a05d0	71	FUN_006a05d0
006a0620	126	FUN_006a0620
006a06a0	59	FUN_006a06a0
006a06e0	117	FUN_006a06e0
006a0760	113	FUN_006a0760
006a0850	437	FUN_006a0850
006a0a20	137	FUN_006a0a20
006a0ab0	185	FUN_006a0ab0
006a0b70	105	FUN_006a0b70
006a0be0	506	FUN_006a0be0
006a0de0	675	FUN_006a0de0
006a10a0	1	FUN_006a10a0
006a10b0	1	FUN_006a10b0
006a10c0	1	FUN_006a10c0
006a10f0	54	FUN_006a10f0
006a1180	319	FUN_006a1180
006a12c0	147	FUN_006a12c0
006a14f0	95	FUN_006a14f0
006a15c0	95	FUN_006a15c0
006a1620	67	FUN_006a1620
006a1740	50	FUN_006a1740
006a17a0	50	FUN_006a17a0
006a17e0	15	FUN_006a17e0
006a17f0	55	FUN_006a17f0
006a1830	86	FUN_006a1830
006a1890	87	FUN_006a1890
006a18f0	71	FUN_006a18f0
006a1940	10	FUN_006a1940
006a1950	78	FUN_006a1950
006a19a0	230	FUN_006a19a0
006a1a90	93	FUN_006a1a90
006a1c40	78	FUN_006a1c40
006a1c90	254	FUN_006a1c90
006a1d90	1017	FUN_006a1d90
006a21a0	309	FUN_006a21a0
006a24d0	110	FUN_006a24d0
006a2540	122	FUN_006a2540
006a2730	401	FUN_006a2730
006a28d0	388	FUN_006a28d0
006a2a60	594	FUN_006a2a60
006a2cc0	536	FUN_006a2cc0
006a2ee0	601	FUN_006a2ee0
006a3140	433	FUN_006a3140
006a3320	82	FUN_006a3320
006a3380	125	FUN_006a3380
006a34d0	100	FUN_006a34d0
006a3880	208	FUN_006a3880
006a3a20	77	FUN_006a3a20
006a3ad0	143	FUN_006a3ad0
006a3c90	153	FUN_006a3c90
006a4260	84	FUN_006a4260
006a42c0	206	FUN_006a42c0
006a4530	269	FUN_006a4530
006a4640	490	FUN_006a4640
006a4940	332	FUN_006a4940
006a4b10	565	FUN_006a4b10
006a5660	310	FUN_006a5660
006a5c40	330	FUN_006a5c40
006a5fe0	31	FUN_006a5fe0
006a6000	171	FUN_006a6000
006a6130	15	FUN_006a6130
006a6140	10	FUN_006a6140
006a6150	15	FUN_006a6150
006a6160	10	FUN_006a6160
006a6170	10	FUN_006a6170
006a6180	10	FUN_006a6180
006a6190	10	FUN_006a6190
006a61b0	10	FUN_006a61b0
006a61c0	10	FUN_006a61c0
006a61d0	10	FUN_006a61d0
006a61e0	10	FUN_006a61e0
006a61f0	10	FUN_006a61f0
006a6200	10	FUN_006a6200
006a6230	10	FUN_006a6230
006a6240	10	FUN_006a6240
006a6250	10	FUN_006a6250
006a6260	10	FUN_006a6260
006a6270	10	FUN_006a6270
006a6280	10	FUN_006a6280
006a6290	10	FUN_006a6290
006a62b0	84	FUN_006a62b0
006a6350	74	FUN_006a6350
006a63a0	112	FUN_006a63a0
006a6410	387	FUN_006a6410
006a65a0	123	FUN_006a65a0
006a6620	3009	FUN_006a6620
006a7200	108	FUN_006a7200
006a7270	401	FUN_006a7270
006a7410	25	FUN_006a7410
006a7440	865	FUN_006a7440
006a7910	103	FUN_006a7910
006a7c50	1059	FUN_006a7c50
006a8080	1239	FUN_006a8080
006a8570	41	FUN_006a8570
006a85a0	598	FUN_006a85a0
006a8cb0	1400	FUN_006a8cb0
006a9610	86	FUN_006a9610
006a9670	195	FUN_006a9670
006a9740	883	FUN_006a9740
006a9ac0	96	FUN_006a9ac0
006a9b20	98	FUN_006a9b20
006a9b90	80	FUN_006a9b90
006a9bf0	84	FUN_006a9bf0
006a9c50	114	FUN_006a9c50
006a9cd0	205	FUN_006a9cd0
006a9e20	283	FUN_006a9e20
006a9f40	460	FUN_006a9f40
006aa110	1613	FUN_006aa110
006aa760	151	FUN_006aa760
006aa800	381	FUN_006aa800
006aa980	1194	FUN_006aa980
006aae30	703	FUN_006aae30
006ab0f0	736	FUN_006ab0f0
006ab3d0	618	FUN_006ab3d0
006ab640	1309	FUN_006ab640
006abb60	1388	FUN_006abb60
006ac0d0	198	FUN_006ac0d0
006ac1a0	148	FUN_006ac1a0
006ac240	110	FUN_006ac240
006ac2b0	484	FUN_006ac2b0
006ac4a0	224	FUN_006ac4a0
006ac580	370	FUN_006ac580
006ac700	89	FUN_006ac700
006ac760	451	FUN_006ac760
006ac930	41	FUN_006ac930
006ac960	416	FUN_006ac960
006acb00	223	FUN_006acb00
006acbe0	2665	FUN_006acbe0
006ad660	101	FUN_006ad660
006ad700	497	FUN_006ad700
006ad900	91	FUN_006ad900
006ad960	683	FUN_006ad960
006adc10	388	FUN_006adc10
006addf0	460	FUN_006addf0
006adfc0	1925	FUN_006adfc0
006ae750	263	FUN_006ae750
006ae860	1104	FUN_006ae860
006aecb0	169	FUN_006aecb0
006aed60	204	FUN_006aed60
006aefa0	94	FUN_006aefa0
006af110	142	FUN_006af110
006af1a0	163	FUN_006af1a0
006af250	138	FUN_006af250
006af2e0	406	FUN_006af2e0
006af480	414	FUN_006af480
006af620	446	FUN_006af620
006af800	10	FUN_006af800
006af810	10	FUN_006af810
006af820	10	FUN_006af820
006af830	10	FUN_006af830
006af840	102	FUN_006af840
006af920	101	FUN_006af920
006afa10	1729	FUN_006afa10
006b00e0	278	FUN_006b00e0
006b0230	109	FUN_006b0230
006b02a0	703	FUN_006b02a0
006b0560	195	FUN_006b0560
006b0660	297	FUN_006b0660
006b07c0	116	FUN_006b07c0
006b0870	80	FUN_006b0870
006b10f0	176	FUN_006b10f0
006b1220	909	FUN_006b1220
006b15b0	239	FUN_006b15b0
006b16a0	799	FUN_006b16a0
006b19c0	384	FUN_006b19c0
006b1bc0	358	FUN_006b1bc0
006b1d30	262	FUN_006b1d30
006b1e40	60	FUN_006b1e40
006b1e90	824	FUN_006b1e90
006b21d0	93	FUN_006b21d0
006b2250	117	FUN_006b2250
006b22d0	93	FUN_006b22d0
006b2350	117	FUN_006b2350
006b24d0	35	FUN_006b24d0
006b2500	56	FUN_006b2500
006b2580	56	FUN_006b2580
006b25f0	31	FUN_006b25f0
006b2630	31	FUN_006b2630
006b2650	405	FUN_006b2650
006b2800	662	FUN_006b2800
006b2aa0	595	FUN_006b2aa0
006b2d00	797	FUN_006b2d00
006b3020	308	FUN_006b3020
006b3160	206	FUN_006b3160
006b3230	178	FUN_006b3230
006b3370	794	FUN_006b3370
006b3690	328	FUN_006b3690
006b37e0	622	FUN_006b37e0
006b3a60	190	FUN_006b3a60
006b3b20	114	FUN_006b3b20
006b3ba0	247	FUN_006b3ba0
006b4290	192	FUN_006b4290
006b4670	353	FUN_006b4670
006b48a0	99	FUN_006b48a0
006b4910	72	FUN_006b4910
006b4960	86	FUN_006b4960
006b49c0	81	FUN_006b49c0
006b4f70	76	FUN_006b4f70
006b5000	3215	FUN_006b5000
006b5cb0	250	FUN_006b5cb0
006b5db0	45	FUN_006b5db0
006b5e00	3636	FUN_006b5e00
006b6c40	1160	FUN_006b6c40
006b7110	201	FUN_006b7110
006b71e0	378	FUN_006b71e0
006b7360	1312	FUN_006b7360
006b7880	4248	FUN_006b7880
006b8920	73	FUN_006b8920
006b8970	462	FUN_006b8970
006b8b40	237	FUN_006b8b40
006b8c30	324	FUN_006b8c30
006b8e20	139	FUN_006b8e20
006b8ed0	428	FUN_006b8ed0
006b90d0	706	FUN_006b90d0
006b93a0	96	FUN_006b93a0
006b9430	142	FUN_006b9430
006b94c0	96	FUN_006b94c0
006b9520	128	FUN_006b9520
006b95e0	37	FUN_006b95e0
006b9640	37	FUN_006b9640
006b9670	163	FUN_006b9670
006b9720	66	FUN_006b9720
006b97b0	390	FUN_006b97b0
006b9940	401	FUN_006b9940
006b9ae0	965	FUN_006b9ae0
006b9eb0	274	FUN_006b9eb0
006ba190	795	FUN_006ba190
006ba4b0	597	FUN_006ba4b0
006ba710	603	FUN_006ba710
006baf30	463	FUN_006baf30
006bb680	1907	FUN_006bb680
006bbe00	501	FUN_006bbe00
006bc000	573	FUN_006bc000
006bc240	458	FUN_006bc240
006bc410	1430	FUN_006bc410
006bca40	1482	FUN_006bca40
006bd010	682	FUN_006bd010
006bd2c0	580	FUN_006bd2c0
006bd510	426	FUN_006bd510
006bd6c0	378	FUN_006bd6c0
006bd840	161	FUN_006bd840
006bd8f0	57	FUN_006bd8f0
006bd930	140	FUN_006bd930
006bd9c0	243	FUN_006bd9c0
006bdac0	298	FUN_006bdac0
006bdca0	442	FUN_006bdca0
006bde60	39	FUN_006bde60
006bde90	438	FUN_006bde90
006be050	39	FUN_006be050
006be0e0	103	FUN_006be0e0
006be150	34	FUN_006be150
006be180	670	FUN_006be180
006be490	747	FUN_006be490
006be780	39	FUN_006be780
006be7b0	39	FUN_006be7b0
006be820	93	FUN_006be820
006be880	93	FUN_006be880
006be8e0	797	FUN_006be8e0
006bec30	147	FUN_006bec30
006becf0	105	FUN_006becf0
006bedb0	27	FUN_006bedb0
006bedd0	27	FUN_006bedd0
006beea0	253	FUN_006beea0
006befa0	235	FUN_006befa0
006bf090	163	FUN_006bf090
006bf160	56	FUN_006bf160
006bf1a0	25	FUN_006bf1a0
006bf2a0	360	FUN_006bf2a0
006bf410	49	FUN_006bf410
006bf450	175	FUN_006bf450
006bf550	51	FUN_006bf550
006bf590	39	FUN_006bf590
006bf5c0	90	FUN_006bf5c0
006bf620	629	FUN_006bf620
006bf8a0	262	FUN_006bf8a0
006bf9b0	216	FUN_006bf9b0
006bfa90	96	FUN_006bfa90
006bfaf0	1751	FUN_006bfaf0
006c0240	423	FUN_006c0240
006c0fd0	120	FUN_006c0fd0
006c1050	124	FUN_006c1050
006c1200	912	FUN_006c1200
006c1590	96	FUN_006c1590
006c16b0	46	FUN_006c16b0
006c16e0	1617	FUN_006c16e0
006c1d40	60	FUN_006c1d40
006c1d90	187	FUN_006c1d90
006c1e50	34	FUN_006c1e50
006c1e80	14	FUN_006c1e80
006c1ee0	619	FUN_006c1ee0
006c2150	535	FUN_006c2150
006c2370	292	FUN_006c2370
006c24a0	10	FUN_006c24a0
006c24b0	2837	FUN_006c24b0
006c2fd0	93	FUN_006c2fd0
006c3030	117	FUN_006c3030
006c30b0	381	FUN_006c30b0
006c3240	687	FUN_006c3240
006c3500	160	FUN_006c3500
006c37a0	10	FUN_006c37a0
006c37d0	194	FUN_006c37d0
006c3920	47	FUN_006c3920
006c3950	21	FUN_006c3950
006c39b0	96	FUN_006c39b0
006c3a20	468	FUN_006c3a20
006c3c00	71	FUN_006c3c00
006c3c50	172	FUN_006c3c50
006c3d00	517	FUN_006c3d00
006c3f10	206	FUN_006c3f10
006c4020	282	FUN_006c4020
006c4810	221	FUN_006c4810
006c48f0	876	FUN_006c48f0
006c4c60	46	FUN_006c4c60
006c4c90	465	FUN_006c4c90
006c4e70	1235	FUN_006c4e70
006c5350	91	FUN_006c5350
006c53b0	93	FUN_006c53b0
006c5410	2791	FUN_006c5410
006c5f00	116	FUN_006c5f00
006c5f80	140	FUN_006c5f80
006c6170	83	FUN_006c6170
006c61d0	260	FUN_006c61d0
006c62e0	113	FUN_006c62e0
006c63c0	95	FUN_006c63c0
006c6480	998	FUN_006c6480
006c6870	746	FUN_006c6870
006c6b90	114	FUN_006c6b90
006c77d0	106	FUN_006c77d0
006c8d20	1	FUN_006c8d20
006c8d40	1	FUN_006c8d40
006c8d50	1	FUN_006c8d50
006c8d80	54	FUN_006c8d80
006c8dc0	147	FUN_006c8dc0
006c8f30	95	FUN_006c8f30
006c8f90	105	FUN_006c8f90
006c9030	1	FUN_006c9030
006c9050	34	FUN_006c9050
006c90d0	59	FUN_006c90d0
006c9130	121	FUN_006c9130
006c91b0	55	FUN_006c91b0
006c9210	17	FUN_006c9210
006c9390	31	FUN_006c9390
006c93b0	77	FUN_006c93b0
006c9500	58	FUN_006c9500
006c9620	142	FUN_006c9620
006c96b0	549	FUN_006c96b0
006c98e0	359	FUN_006c98e0
006c9a80	133	FUN_006c9a80
006c9b20	29	FUN_006c9b20
006c9bb0	132	FUN_006c9bb0
006c9c40	87	FUN_006c9c40
006c9ca0	159	FUN_006c9ca0
006c9d70	207	FUN_006c9d70
006c9e40	253	FUN_006c9e40
006c9f40	472	FUN_006c9f40
006ca120	192	FUN_006ca120
006ca1e0	325	FUN_006ca1e0
006ca330	67	FUN_006ca330
006ca380	52	FUN_006ca380
006ca3c0	42	FUN_006ca3c0
006ca3f0	248	FUN_006ca3f0
006ca4f0	374	FUN_006ca4f0
006ca670	76	FUN_006ca670
006ca6c0	162	FUN_006ca6c0
006ca770	280	FUN_006ca770
006ca890	271	FUN_006ca890
006caaf0	182	FUN_006caaf0
006cabb0	701	FUN_006cabb0
006cae70	337	FUN_006cae70
006cafd0	178	FUN_006cafd0
006cb090	191	FUN_006cb090
006cb150	134	FUN_006cb150
006cb1e0	76	FUN_006cb1e0
006cb260	459	FUN_006cb260
006cb440	296	FUN_006cb440
006cb570	638	FUN_006cb570
006cb840	151	FUN_006cb840
006cb8e0	71	FUN_006cb8e0
006cb9c0	341	FUN_006cb9c0
006cbb40	283	FUN_006cbb40
006cbc60	109	FUN_006cbc60
006cbcd0	71	FUN_006cbcd0
006cbd20	71	FUN_006cbd20
006cbd70	170	FUN_006cbd70
006cbe20	96	FUN_006cbe20
006cbe80	67	FUN_006cbe80
006cbed0	564	FUN_006cbed0
006cc110	1257	FUN_006cc110
006cc620	10	FUN_006cc620
006cc630	10	FUN_006cc630
006cc650	10	FUN_006cc650
006cc670	10	FUN_006cc670
006cc680	10	FUN_006cc680
006cc6e0	10	FUN_006cc6e0
006cc6f0	107	FUN_006cc6f0
006cc760	142	FUN_006cc760
006cc7f0	140	FUN_006cc7f0
006cc880	127	FUN_006cc880
006cc930	124	FUN_006cc930
006ccbc0	1395	FUN_006ccbc0
006cd190	20	FUN_006cd190
006cd280	2559	FUN_006cd280
006cdc90	107	FUN_006cdc90
006ce030	839	FUN_006ce030
006ce380	659	FUN_006ce380
006ce710	105	FUN_006ce710
006ce780	77	FUN_006ce780
006ce7d0	82	FUN_006ce7d0
006ce890	102	FUN_006ce890
006ce900	154	FUN_006ce900
006ce9a0	678	FUN_006ce9a0
006cecf0	26	FUN_006cecf0
006ced10	111	FUN_006ced10
006ced80	26	FUN_006ced80
006cedc0	303	FUN_006cedc0
006ceef0	389	FUN_006ceef0
006cf080	56	FUN_006cf080
006cf0c0	201	FUN_006cf0c0
006cf190	270	FUN_006cf190
006cf2a0	175	FUN_006cf2a0
006cf6b0	362	FUN_006cf6b0
006cf820	1485	FUN_006cf820
006cfdf0	1252	FUN_006cfdf0
006d0330	894	FUN_006d0330
006d06f0	182	FUN_006d06f0
006d07b0	155	FUN_006d07b0
006d0850	420	FUN_006d0850
006d0a00	410	FUN_006d0a00
006d0ba0	305	FUN_006d0ba0
006d0ce0	422	FUN_006d0ce0
006d0eb0	449	FUN_006d0eb0
006d1200	255	FUN_006d1200
006d1300	225	FUN_006d1300
006d14e0	2271	FUN_006d14e0
006d1dc0	121	FUN_006d1dc0
006d1e40	148	FUN_006d1e40
006d1ee0	433	FUN_006d1ee0
006d20a0	450	FUN_006d20a0
006d2270	517	FUN_006d2270
006d2480	30	FUN_006d2480
006d24b0	1	FUN_006d24b0
006d24c0	1	FUN_006d24c0
006d24d0	1	FUN_006d24d0
006d2660	27	FUN_006d2660
006d2680	177	FUN_006d2680
006d2760	158	FUN_006d2760
006d2800	16	FUN_006d2800
006d2810	223	FUN_006d2810
006d28f0	268	FUN_006d28f0
006d2b80	112	FUN_006d2b80
006d2c50	106	FUN_006d2c50
006d2d40	124	FUN_006d2d40
006d2ec0	33	FUN_006d2ec0
006d2f80	85	FUN_006d2f80
006d2fe0	128	FUN_006d2fe0
006d3080	59	FUN_006d3080
006d30c0	156	FUN_006d30c0
006d3160	113	FUN_006d3160
006d31f0	19	FUN_006d31f0
006d3210	77	FUN_006d3210
006d3260	42	FUN_006d3260
006d3300	105	FUN_006d3300
006d3370	105	FUN_006d3370
006d33e0	94	FUN_006d33e0
006d3440	94	FUN_006d3440
006d3520	76	FUN_006d3520
006d3640	70	FUN_006d3640
006d3690	105	FUN_006d3690
006d3850	38	FUN_006d3850
006d38b0	130	FUN_006d38b0
006d39a0	107	FUN_006d39a0
006d3a10	98	FUN_006d3a10
006d3a80	65	FUN_006d3a80
006d3b10	16	FUN_006d3b10
006d3b20	6	FUN_006d3b20
006d3b90	26	FUN_006d3b90
006d3bb0	33	FUN_006d3bb0
006d3be0	54	FUN_006d3be0
006d3c30	163	FUN_006d3c30
006d3d10	114	FUN_006d3d10
006d3d90	97	FUN_006d3d90
006d3e40	53	FUN_006d3e40
006d3e80	54	FUN_006d3e80
006d3ec0	63	FUN_006d3ec0
006d3f00	63	FUN_006d3f00
006d3f40	63	FUN_006d3f40
006d3fc0	24	FUN_006d3fc0
006d3fe0	16	FUN_006d3fe0
006d4020	134	FUN_006d4020
006d40c0	11	FUN_006d40c0
006d40f0	40	FUN_006d40f0
006d4120	40	FUN_006d4120
006d4150	73	FUN_006d4150
006d41f0	47	FUN_006d41f0
006d4220	7	FUN_006d4220
006d4230	8	FUN_006d4230
006d4240	15	FUN_006d4240
006d42e0	110	FUN_006d42e0
006d4510	67	FUN_006d4510
006d4560	178	FUN_006d4560
006d4620	39	FUN_006d4620
006d4650	66	FUN_006d4650
006d46a0	965	FUN_006d46a0
006d4a70	98	FUN_006d4a70
006d4b70	50	FUN_006d4b70
006d4c20	948	FUN_006d4c20
006d5010	7	FUN_006d5010
006d5030	18	FUN_006d5030
006d5050	58	FUN_006d5050
006d5090	102	FUN_006d5090
006d5100	108	FUN_006d5100
006d5170	108	FUN_006d5170
006d5210	219	FUN_006d5210
006d52f0	42	FUN_006d52f0
006d5320	251	FUN_006d5320
006d5430	197	FUN_006d5430
006d5520	10	FUN_006d5520
006d5540	24	FUN_006d5540
006d55b0	112	FUN_006d55b0
006d5620	221	FUN_006d5620
006d5700	105	FUN_006d5700
006d5790	71	FUN_006d5790
006d57e0	109	FUN_006d57e0
006d5850	21	FUN_006d5850
006d5880	1038	FUN_006d5880
006d5ca0	10	FUN_006d5ca0
006d5d00	231	FUN_006d5d00
006d5df0	31	FUN_006d5df0
006d5e10	29	FUN_006d5e10
006d5e60	122	FUN_006d5e60
006d5ef0	528	FUN_006d5ef0
006d6100	68	FUN_006d6100
006d6150	95	FUN_006d6150
006d61c0	110	FUN_006d61c0
006d6230	510	FUN_006d6230
006d6480	50	FUN_006d6480
006d64c0	58	FUN_006d64c0
006d6500	6	FUN_006d6500
006d6550	89	FUN_006d6550
006d65d0	6	FUN_006d65d0
006d65e0	1	FUN_006d65e0
006d65f0	15	FUN_006d65f0
006d6730	34	FUN_006d6730
006d67a0	36	FUN_006d67a0
006d6830	6	FUN_006d6830
006d6840	14	FUN_006d6840
006d6850	6	FUN_006d6850
006d6860	15	FUN_006d6860
006d6910	69	FUN_006d6910
006d6a00	117	FUN_006d6a00
006d6b30	119	FUN_006d6b30
006d6bb0	125	FUN_006d6bb0
006d6c30	149	FUN_006d6c30
006d6d00	646	FUN_006d6d00
006d6f90	86	FUN_006d6f90
006d6ff0	311	FUN_006d6ff0
006d7130	127	FUN_006d7130
006d71b0	172	FUN_006d71b0
006d7400	16	FUN_006d7400
006d7440	20	FUN_006d7440
006d7460	50	FUN_006d7460
006d7500	51	FUN_006d7500
006d7540	73	FUN_006d7540
006d7590	42	FUN_006d7590
006d75c0	75	FUN_006d75c0
006d7610	33	FUN_006d7610
006d7640	43	FUN_006d7640
006d7670	28	FUN_006d7670
006d7690	57	FUN_006d7690
006d76d0	78	FUN_006d76d0
006d7720	77	FUN_006d7720
006d7770	57	FUN_006d7770
006d77b0	103	FUN_006d77b0
006d7900	48	FUN_006d7900
006d79f0	26	FUN_006d79f0
006d7b60	133	FUN_006d7b60
006d7d60	76	FUN_006d7d60
006d7dc0	43	FUN_006d7dc0
006d7df0	36	FUN_006d7df0
006d7ee0	121	FUN_006d7ee0
006d7f60	191	FUN_006d7f60
006d8020	70	FUN_006d8020
006d81a0	122	FUN_006d81a0
006d8220	204	FUN_006d8220
006d8400	21	FUN_006d8400
006d8440	147	FUN_006d8440
006d84e0	124	FUN_006d84e0
006d8560	53	FUN_006d8560
006d85a0	170	FUN_006d85a0
006d8650	147	FUN_006d8650
006d86f0	90	FUN_006d86f0
006d8750	10	FUN_006d8750
006d8770	16	FUN_006d8770
006d8a30	210	FUN_006d8a30
006d8b10	84	FUN_006d8b10
006d8ba0	336	FUN_006d8ba0
006d8d00	212	FUN_006d8d00
006d8eb0	26	FUN_006d8eb0
006d8ed0	177	FUN_006d8ed0
006d9130	42	FUN_006d9130
006d9160	111	FUN_006d9160
006d9370	141	FUN_006d9370
006d9400	73	FUN_006d9400
006d9450	68	FUN_006d9450
006d94a0	148	FUN_006d94a0
006d9540	158	FUN_006d9540
006d9620	196	FUN_006d9620
006d97b0	278	FUN_006d97b0
006d9b30	750	FUN_006d9b30
006d9e20	224	FUN_006d9e20
006d9f00	214	FUN_006d9f00
006d9fe0	81	FUN_006d9fe0
006da040	80	FUN_006da040
006da090	1125	FUN_006da090
006da520	84	FUN_006da520
006da5a0	158	FUN_006da5a0
006da6b0	81	FUN_006da6b0
006da710	423	FUN_006da710
006da8d0	358	FUN_006da8d0
006daa40	149	FUN_006daa40
006daae0	179	FUN_006daae0
006dabf0	164	FUN_006dabf0
006dacf0	99	FUN_006dacf0
006dad60	821	FUN_006dad60
006db120	115	FUN_006db120
006db1c0	80	FUN_006db1c0
006db210	82	FUN_006db210
006db270	48	FUN_006db270
006db310	494	FUN_006db310
006db510	1098	FUN_006db510
006dba10	151	FUN_006dba10
006dbae0	287	FUN_006dbae0
006dbc40	191	FUN_006dbc40
006dbd70	47	FUN_006dbd70
006dbdd0	319	FUN_006dbdd0
006dbf10	349	FUN_006dbf10
006dc080	151	FUN_006dc080
006dc120	84	FUN_006dc120
006dc180	27	FUN_006dc180
006dc1a0	39	FUN_006dc1a0
006dc1d0	292	FUN_006dc1d0
006dc300	120	FUN_006dc300
006dc3a0	100	FUN_006dc3a0
006dc410	150	FUN_006dc410
006dc4b0	59	FUN_006dc4b0
006dc4f0	65	FUN_006dc4f0
006dc540	81	FUN_006dc540
006dc720	123	FUN_006dc720
006dc7a0	461	FUN_006dc7a0
006dc970	31	FUN_006dc970
006dc990	63	FUN_006dc990
006dc9e0	113	FUN_006dc9e0
006dca60	123	FUN_006dca60
006dcb00	164	FUN_006dcb00
006dcbc0	300	FUN_006dcbc0
006dccf0	439	FUN_006dccf0
006dcf10	326	FUN_006dcf10
006dd060	226	FUN_006dd060
006dd150	182	FUN_006dd150
006dd210	181	FUN_006dd210
006dd2d0	347	FUN_006dd2d0
006dd430	318	FUN_006dd430
006dd570	55	FUN_006dd570
006dd5b0	22	FUN_006dd5b0
006dd670	202	FUN_006dd670
006dd740	88	FUN_006dd740
006dd7a0	452	FUN_006dd7a0
006dd970	27	FUN_006dd970
006dd990	126	FUN_006dd990
006dda10	165	FUN_006dda10
006ddac0	205	FUN_006ddac0
006ddb90	107	FUN_006ddb90
006ddca0	133	FUN_006ddca0
006ddd70	180	FUN_006ddd70
006de270	451	FUN_006de270
006de440	850	FUN_006de440
006de800	93	FUN_006de800
006de860	374	FUN_006de860
006dea40	26	FUN_006dea40
006dea60	26	FUN_006dea60
006dea80	26	FUN_006dea80
006deb00	31	FUN_006deb00
006deb20	35	FUN_006deb20
006deb50	58	FUN_006deb50
006decb0	525	FUN_006decb0
006deec0	1855	FUN_006deec0
006df610	26	FUN_006df610
006df630	134	FUN_006df630
006df6c0	41	FUN_006df6c0
006df6f0	455	FUN_006df6f0
006df910	327	FUN_006df910
006dfab0	272	FUN_006dfab0
006dfbc0	94	FUN_006dfbc0
006dfc60	181	FUN_006dfc60
006dfd20	190	FUN_006dfd20
006dfde0	1116	FUN_006dfde0
006e0240	750	FUN_006e0240
006e0530	158	FUN_006e0530
006e0830	118	FUN_006e0830
006e08b0	344	FUN_006e08b0
006e0a40	200	FUN_006e0a40
006e0b10	75	FUN_006e0b10
006e0b60	549	FUN_006e0b60
006e0dc0	35	FUN_006e0dc0
006e0e90	1498	FUN_006e0e90
006e1490	888	FUN_006e1490
006e18a0	656	FUN_006e18a0
006e1b90	1	FUN_006e1b90
006e1bb0	1	FUN_006e1bb0
006e1d50	471	FUN_006e1d50
006e2090	450	FUN_006e2090
006e23d0	98	FUN_006e23d0
006e2470	84	FUN_006e2470
006e24f0	25	FUN_006e24f0
006e25b0	1	FUN_006e25b0
006e2ab0	1	FUN_006e2ab0
006e2ac0	17	FUN_006e2ac0
006e2ae0	7	FUN_006e2ae0
006e2af0	25	FUN_006e2af0
006e2c30	131	FUN_006e2c30
006e2e40	162	FUN_006e2e40
006e2ff0	24	FUN_006e2ff0
006e3010	42	FUN_006e3010
006e3050	31	FUN_006e3050
006e3080	335	FUN_006e3080
006e3240	41	FUN_006e3240
006e3270	49	FUN_006e3270
006e32b0	53	FUN_006e32b0
006e32f0	98	FUN_006e32f0
006e3360	1	FUN_006e3360
006e3430	470	FUN_006e3430
006e3660	433	FUN_006e3660
006e3820	46	FUN_006e3820
006e3950	69	FUN_006e3950
006e39a0	1	FUN_006e39a0
006e39b0	30	FUN_006e39b0
006e39d0	30	FUN_006e39d0
006e39f0	39	FUN_006e39f0
006e3a20	155	FUN_006e3a20
006e3ad0	23	FUN_006e3ad0
006e3af0	21	FUN_006e3af0
006e3b10	24	FUN_006e3b10
006e3b30	67	FUN_006e3b30
006e3b80	111	FUN_006e3b80
006e3bf0	29	FUN_006e3bf0
006e3c10	101	FUN_006e3c10
006e3c90	1	FUN_006e3c90
006e3cb0	6	FUN_006e3cb0
006e3f60	218	FUN_006e3f60
006e40c0	1	FUN_006e40c0
006e40d0	1	FUN_006e40d0
006e40e0	1	FUN_006e40e0
006e4120	147	FUN_006e4120
006e42b0	95	FUN_006e42b0
006e4320	133	FUN_006e4320
006e45b0	68	FUN_006e45b0
006e46c0	3	FUN_006e46c0
006e46d0	1	FUN_006e46d0
006e46e0	1	FUN_006e46e0
006e46f0	31	FUN_006e46f0
006e4710	5	FUN_006e4710
006e4720	1	FUN_006e4720
006e4730	4	FUN_006e4730
006e4790	1	FUN_006e4790
006e47a0	3	FUN_006e47a0
006e47f0	270	FUN_006e47f0
006e4900	9	FUN_006e4900
006e4910	9	FUN_006e4910
006e4920	46	FUN_006e4920
006e4950	9	FUN_006e4950
006e4980	38	FUN_006e4980
006e49b0	12	FUN_006e49b0
006e49c0	245	FUN_006e49c0
006e4b90	187	FUN_006e4b90
006e4dd0	208	FUN_006e4dd0
006e4eb0	388	FUN_006e4eb0
006e5060	225	FUN_006e5060
006e5160	8	FUN_006e5160
006e5190	223	FUN_006e5190
006e5270	18	FUN_006e5270
006e5290	18	FUN_006e5290
006e52b0	41	FUN_006e52b0
006e5300	195	FUN_006e5300
006e53d0	106	FUN_006e53d0
006e5520	108	FUN_006e5520
006e5590	108	FUN_006e5590
006e5600	108	FUN_006e5600
006e5670	108	FUN_006e5670
006e5b20	123	FUN_006e5b20
006e5bb0	243	FUN_006e5bb0
006e5cf0	234	FUN_006e5cf0
006e5eb0	3	FUN_006e5eb0
006e5ec0	3	FUN_006e5ec0
006e5ed0	3	FUN_006e5ed0
006e5ef0	1	FUN_006e5ef0
006e5f60	1	FUN_006e5f60
006e5fc0	1	FUN_006e5fc0
006e6060	263	FUN_006e6060
006e6170	91	FUN_006e6170
006e61e0	46	FUN_006e61e0
006e6220	3	FUN_006e6220
006e6230	4	FUN_006e6230
006e6240	1	FUN_006e6240
006e6290	121	FUN_006e6290
006e6310	1	FUN_006e6310
006e6330	1	FUN_006e6330
006e6340	76	FUN_006e6340
006e6390	56	FUN_006e6390
006e6490	820	FUN_006e6490
006e6880	158	FUN_006e6880
006e6920	613	FUN_006e6920
006e6ba0	21	FUN_006e6ba0
006e6bc0	439	FUN_006e6bc0
006e6d80	28	FUN_006e6d80
006e6da0	492	FUN_006e6da0
006e6fa0	15	FUN_006e6fa0
006e7020	98	FUN_006e7020
006e7120	215	FUN_006e7120
006e7200	66	FUN_006e7200
006e7280	501	FUN_006e7280
006e7490	222	FUN_006e7490
006e7570	9	FUN_006e7570
006e7690	104	FUN_006e7690
006e7700	100	FUN_006e7700
006e7770	124	FUN_006e7770
006e77f0	126	FUN_006e77f0
006e7890	182	FUN_006e7890
006e7950	176	FUN_006e7950
006e7a30	39	FUN_006e7a30
006e7a60	349	FUN_006e7a60
006e7bf0	1983	FUN_006e7bf0
006e83b0	204	FUN_006e83b0
006e8480	32	FUN_006e8480
006e84a0	10	FUN_006e84a0
006e84b0	10	FUN_006e84b0
006e84c0	16	FUN_006e84c0
006e84e0	55	FUN_006e84e0
006e8570	3	FUN_006e8570
006e8580	81	FUN_006e8580
006e85e0	188	FUN_006e85e0
006e86e0	64	FUN_006e86e0
006e8720	183	FUN_006e8720
006e8810	1136	FUN_006e8810
006e8c80	3	FUN_006e8c80
006e8c90	1	FUN_006e8c90
006e8ca0	3	FUN_006e8ca0
006e8cc0	3	FUN_006e8cc0
006e8cd0	1	FUN_006e8cd0
006e8ce0	3	FUN_006e8ce0
006e8d00	409	FUN_006e8d00
006e8ea0	1	FUN_006e8ea0
006e8ec0	43	FUN_006e8ec0
006e8ef0	17	FUN_006e8ef0
006e8f20	32	FUN_006e8f20
006e8f40	110	FUN_006e8f40
006e8fc0	217	FUN_006e8fc0
006e90a0	13	FUN_006e90a0
006e90b0	404	FUN_006e90b0
006e9250	36	FUN_006e9250
006e9280	22	FUN_006e9280
006e92a0	63	FUN_006e92a0
006e92e0	450	FUN_006e92e0
006e94b0	141	FUN_006e94b0
006e9550	1845	FUN_006e9550
006e9c90	93	FUN_006e9c90
006e9cf0	598	FUN_006e9cf0
006e9f50	454	FUN_006e9f50
006ea120	70	FUN_006ea120
006ea1a0	158	FUN_006ea1a0
006ea240	91	FUN_006ea240
006ea2a0	37	FUN_006ea2a0
006ea2d0	255	FUN_006ea2d0
006ea3d0	1	FUN_006ea3d0
006ea3e0	199	FUN_006ea3e0
006ea4b0	83	FUN_006ea4b0
006ea520	60	FUN_006ea520
006ea560	19	FUN_006ea560
006ea580	100	FUN_006ea580
006ea5f0	20	FUN_006ea5f0
006ea610	1	FUN_006ea610
006ea620	10	FUN_006ea620
006ea640	78	FUN_006ea640
006ea690	336	FUN_006ea690
006ea7e0	331	FUN_006ea7e0
006ea930	111	FUN_006ea930
006ea9b0	404	FUN_006ea9b0
006eab50	12	FUN_006eab50
006eab60	18	FUN_006eab60
006eab80	10	FUN_006eab80
006eabc0	208	FUN_006eabc0
006eac90	220	FUN_006eac90
006eaf10	40	FUN_006eaf10
006eaf40	1	FUN_006eaf40
006eaf50	59	FUN_006eaf50
006eaf90	227	FUN_006eaf90
006eb080	227	FUN_006eb080
006eb2d0	107	FUN_006eb2d0
006eb340	223	FUN_006eb340
006eb4c0	252	FUN_006eb4c0
006eb5c0	140	FUN_006eb5c0
006eb650	39	FUN_006eb650
006eb680	132	FUN_006eb680
006eb710	160	FUN_006eb710
006eb810	46	FUN_006eb810
006eb840	95	FUN_006eb840
006eb8a0	12	FUN_006eb8a0
006eb8c0	91	FUN_006eb8c0
006eb920	92	FUN_006eb920
006ebae0	38	FUN_006ebae0
006ebb50	66	FUN_006ebb50
006ebc00	207	FUN_006ebc00
006ebc80	133	FUN_006ebc80
006ebe80	666	FUN_006ebe80
006ec120	93	FUN_006ec120
006ec220	185	FUN_006ec220
006ec390	46	FUN_006ec390
006ec3c0	374	FUN_006ec3c0
006ec540	684	FUN_006ec540
006ec7f0	95	FUN_006ec7f0
006ec890	382	FUN_006ec890
006eca10	115	FUN_006eca10
006eca90	118	FUN_006eca90
006ecb20	6	FUN_006ecb20
006ecb40	35	FUN_006ecb40
006ecb70	96	FUN_006ecb70
006ecbd0	143	FUN_006ecbd0
006ecc70	1	FUN_006ecc70
006ecdc0	67	FUN_006ecdc0
006ece10	39	FUN_006ece10
006ece40	1	FUN_006ece40
006ed0e0	100	FUN_006ed0e0
006ed210	8	FUN_006ed210
006ed260	23	FUN_006ed260
006ed290	27	FUN_006ed290
006ed480	1	FUN_006ed480
006ed570	1	FUN_006ed570
006ed650	1	FUN_006ed650
006ed660	1	FUN_006ed660
006ed670	11	FUN_006ed670
006ed680	1	FUN_006ed680
006ed690	115	FUN_006ed690
006ed8e0	189	FUN_006ed8e0
006ed9a0	725	FUN_006ed9a0
006edc80	227	FUN_006edc80
006edd70	122	FUN_006edd70
006ede20	422	FUN_006ede20
006edfd0	3	FUN_006edfd0
006edfe0	1	FUN_006edfe0
006edff0	861	FUN_006edff0
006ee350	117	FUN_006ee350
006ee3d0	38	FUN_006ee3d0
006ee400	88	FUN_006ee400
006ee460	210	FUN_006ee460
006ee540	10	FUN_006ee540
006ee5c0	173	FUN_006ee5c0
006ee680	21	FUN_006ee680
006ee6a0	53	FUN_006ee6a0
006ee6e0	231	FUN_006ee6e0
006ee7d0	645	FUN_006ee7d0
006eea60	1833	FUN_006eea60
006ef210	36	FUN_006ef210
006ef240	36	FUN_006ef240
006ef270	302	FUN_006ef270
006ef3a0	35	FUN_006ef3a0
006ef3d0	126	FUN_006ef3d0
006ef450	55	FUN_006ef450
006ef490	29	FUN_006ef490
006ef4b0	15	FUN_006ef4b0
006ef4c0	120	FUN_006ef4c0
006ef540	73	FUN_006ef540
006ef590	73	FUN_006ef590
006ef5e0	531	FUN_006ef5e0
006ef800	270	FUN_006ef800
006ef910	300	FUN_006ef910
006efa40	31	FUN_006efa40
006efa60	94	FUN_006efa60
006efac0	129	FUN_006efac0
006efb50	44	FUN_006efb50
006efb80	19	FUN_006efb80
006efba0	326	FUN_006efba0
006efcf0	683	FUN_006efcf0
006f0050	305	FUN_006f0050
006f01e0	1	FUN_006f01e0
006f0220	119	FUN_006f0220
006f0300	469	FUN_006f0300
006f04e0	3	FUN_006f04e0
006f0520	1671	FUN_006f0520
006f0bb0	68	FUN_006f0bb0
006f0c00	208	FUN_006f0c00
006f0cd0	208	FUN_006f0cd0
006f0da0	421	FUN_006f0da0
006f0f50	341	FUN_006f0f50
006f10b0	1	FUN_006f10b0
006f10c0	42	FUN_006f10c0
006f10f0	101	FUN_006f10f0
006f1160	120	FUN_006f1160
006f11e0	1	FUN_006f11e0
006f1380	189	FUN_006f1380
006f1440	117	FUN_006f1440
006f14c0	20	FUN_006f14c0
006f15e0	16	FUN_006f15e0
006f15f0	16	FUN_006f15f0
006f1600	19	FUN_006f1600
006f1620	16	FUN_006f1620
006f1630	16	FUN_006f1630
006f1640	1	FUN_006f1640
006f1650	117	FUN_006f1650
006f16d0	79	FUN_006f16d0
006f1720	142	FUN_006f1720
006f17b0	252	FUN_006f17b0
006f18b0	5	FUN_006f18b0
006f18c0	492	FUN_006f18c0
006f1af0	1	FUN_006f1af0
006f1b00	1	FUN_006f1b00
006f1b10	5	FUN_006f1b10
006f1b20	42	FUN_006f1b20
006f1b50	1	FUN_006f1b50
006f1b70	74	FUN_006f1b70
006f1c50	41	FUN_006f1c50
006f1c80	67	FUN_006f1c80
006f1cd0	30	FUN_006f1cd0
006f1e80	67	FUN_006f1e80
006f1ed0	164	FUN_006f1ed0
006f20c0	497	FUN_006f20c0
006f22c0	456	FUN_006f22c0
006f2490	1608	FUN_006f2490
006f2c30	193	FUN_006f2c30
006f2d00	124	FUN_006f2d00
006f2db0	30	FUN_006f2db0
006f2e50	70	FUN_006f2e50
006f2ea0	49	FUN_006f2ea0
006f3060	37	FUN_006f3060
006f3090	41	FUN_006f3090
006f30c0	37	FUN_006f30c0
006f30f0	41	FUN_006f30f0
006f3160	36	FUN_006f3160
006f3190	36	FUN_006f3190
006f3200	37	FUN_006f3200
006f3230	37	FUN_006f3230
006f3260	56	FUN_006f3260
006f32a0	56	FUN_006f32a0
006f3350	90	FUN_006f3350
006f33b0	90	FUN_006f33b0
006f3720	65	FUN_006f3720
006f37b0	116	FUN_006f37b0
006f3890	58	FUN_006f3890
006f38d0	192	FUN_006f38d0
006f3990	127	FUN_006f3990
006f3b10	66	FUN_006f3b10
006f3b60	7	FUN_006f3b60
006f3b70	55	FUN_006f3b70
006f3bb0	29	FUN_006f3bb0
006f3bd0	120	FUN_006f3bd0
006f3c50	25	FUN_006f3c50
006f3c70	18	FUN_006f3c70
006f3ca0	31	FUN_006f3ca0
006f3cc0	122	FUN_006f3cc0
006f3d60	31	FUN_006f3d60
006f3d80	373	FUN_006f3d80
006f3f00	216	FUN_006f3f00
006f3fe0	2353	FUN_006f3fe0
006f4920	187	FUN_006f4920
006f49e0	160	FUN_006f49e0
006f4a80	268	FUN_006f4a80
006f4b90	247	FUN_006f4b90
006f4c90	103	FUN_006f4c90
006f4d00	96	FUN_006f4d00
006f4d60	778	FUN_006f4d60
006f5070	86	FUN_006f5070
006f5500	136	FUN_006f5500
006f5590	1140	FUN_006f5590
006f5a10	70	FUN_006f5a10
006f5a60	178	FUN_006f5a60
006f5b20	416	FUN_006f5b20
006f5cc0	410	FUN_006f5cc0
006f5e60	1445	FUN_006f5e60
006f6410	288	FUN_006f6410
006f6660	203	FUN_006f6660
006f6730	37	FUN_006f6730
006f6760	41	FUN_006f6760
006f6790	37	FUN_006f6790
006f67c0	41	FUN_006f67c0
006f6810	36	FUN_006f6810
006f6840	36	FUN_006f6840
006f68d0	37	FUN_006f68d0
006f6940	37	FUN_006f6940
006f69b0	56	FUN_006f69b0
006f69f0	56	FUN_006f69f0
006f6a30	63	FUN_006f6a30
006f6a70	149	FUN_006f6a70
006f6b10	146	FUN_006f6b10
006f6cb0	43	FUN_006f6cb0
006f6ce0	43	FUN_006f6ce0
006f6d20	156	FUN_006f6d20
006f6e20	292	FUN_006f6e20
006f6f50	297	FUN_006f6f50
006f7080	2489	FUN_006f7080
006f7a40	107	FUN_006f7a40
006f7ab0	9	FUN_006f7ab0
006f7ac0	101	FUN_006f7ac0
006f7b30	1160	FUN_006f7b30
006f7fc0	577	FUN_006f7fc0
006f8210	104	FUN_006f8210
006f8280	1356	FUN_006f8280
006f87d0	665	FUN_006f87d0
006f8a70	389	FUN_006f8a70
006f8c00	1115	FUN_006f8c00
006f9820	1375	FUN_006f9820
006f9d80	1360	FUN_006f9d80
006fa2d0	53	FUN_006fa2d0
006fa310	53	FUN_006fa310
006fa470	36	FUN_006fa470
006fa4a0	36	FUN_006fa4a0
006fa4d0	43	FUN_006fa4d0
006fa500	43	FUN_006fa500
006fa630	156	FUN_006fa630
006fa6d0	339	FUN_006fa6d0
006fa830	121	FUN_006fa830
006fa8b0	30	FUN_006fa8b0
006fa8d0	26	FUN_006fa8d0
006fa8f0	93	FUN_006fa8f0
006fa950	2130	FUN_006fa950
006fb1c0	24	FUN_006fb1c0
006fb1e0	700	FUN_006fb1e0
006fb4a0	41	FUN_006fb4a0
006fb4d0	41	FUN_006fb4d0
006fb500	41	FUN_006fb500
006fb530	41	FUN_006fb530
006fb5d0	62	FUN_006fb5d0
006fb620	62	FUN_006fb620
006fb6a0	51	FUN_006fb6a0
006fb6e0	51	FUN_006fb6e0
006fb7a0	42	FUN_006fb7a0
006fb7d0	42	FUN_006fb7d0
006fb800	41	FUN_006fb800
006fb830	41	FUN_006fb830
006fb860	42	FUN_006fb860
006fb890	42	FUN_006fb890
006fb8c0	117	FUN_006fb8c0
006fb940	117	FUN_006fb940
006fba60	577	FUN_006fba60
006fbbda	12	Catch_All@006fbbda
006fbbe6	9	Catch_All@006fbbe6
006fbcc0	577	FUN_006fbcc0
006fbe3a	12	Catch_All@006fbe3a
006fbe46	9	Catch_All@006fbe46
006fbf40	137	FUN_006fbf40
006fbfd0	137	FUN_006fbfd0
006fc060	130	FUN_006fc060
006fc0f0	130	FUN_006fc0f0
006fc180	396	FUN_006fc180
006fc310	19	FUN_006fc310
006fc350	286	FUN_006fc350
006fc470	819	FUN_006fc470
006fc7b0	787	FUN_006fc7b0
006fcad0	33	FUN_006fcad0
006fcb00	81	FUN_006fcb00
006fcb60	81	FUN_006fcb60
006fcbc0	135	FUN_006fcbc0
006fcc50	33	FUN_006fcc50
006fcc80	474	FUN_006fcc80
006fcea0	1	FUN_006fcea0
006fceb0	1	FUN_006fceb0
006fcec0	1	FUN_006fcec0
006fced0	1	FUN_006fced0
006fcf50	54	FUN_006fcf50
006fcfc0	319	FUN_006fcfc0
006fd120	147	FUN_006fd120
006fd220	183	FUN_006fd220
006fd3a0	90	FUN_006fd3a0
006fd500	25	FUN_006fd500
006fd520	53	FUN_006fd520
006fd560	71	FUN_006fd560
006fd5b0	40	FUN_006fd5b0
006fd5e0	70	FUN_006fd5e0
006fd630	118	FUN_006fd630
006fd730	90	FUN_006fd730
006fd7b0	95	FUN_006fd7b0
006fd810	95	FUN_006fd810
006fd880	111	FUN_006fd880
006fd970	59	FUN_006fd970
006fd9d0	42	FUN_006fd9d0
006fda00	53	FUN_006fda00
006fda90	105	FUN_006fda90
006fdb90	10	FUN_006fdb90
006fdba0	1	FUN_006fdba0
006fdc90	20	FUN_006fdc90
006fde60	63	FUN_006fde60
006fe540	98	FUN_006fe540
006fe5e0	31	FUN_006fe5e0
006fe600	225	FUN_006fe600
006fe6f0	35	FUN_006fe6f0
006fe720	16	FUN_006fe720
006fe730	382	FUN_006fe730
006fe8b0	683	FUN_006fe8b0
006feb90	26	FUN_006feb90
006fec50	1	FUN_006fec50
006fee10	118	FUN_006fee10
006ff0e0	7	FUN_006ff0e0
006ff130	13	FUN_006ff130
006ff140	69	FUN_006ff140
006ff190	16	FUN_006ff190
006ff1a0	185	FUN_006ff1a0
006ff4c0	59	FUN_006ff4c0
006ff500	28	FUN_006ff500
006ff520	16	FUN_006ff520
006ff530	16	FUN_006ff530
006ff540	37	FUN_006ff540
006ff600	96	FUN_006ff600
006ff660	17	FUN_006ff660
006ff680	277	FUN_006ff680
006ff7c0	498	FUN_006ff7c0
006ff9c0	95	FUN_006ff9c0
006ffa60	168	FUN_006ffa60
006ffb10	33	FUN_006ffb10
006ffb40	1	FUN_006ffb40
006ffb50	29	FUN_006ffb50
006ffb80	185	FUN_006ffb80
006ffc40	252	FUN_006ffc40
006ffd40	405	FUN_006ffd40
006ffee0	490	FUN_006ffee0
007000d0	300	FUN_007000d0
007002c0	2048	FUN_007002c0
00700ac0	1338	FUN_00700ac0
00701070	499	FUN_00701070
007012a0	1	FUN_007012a0
007012b0	1	FUN_007012b0
007012c0	1	FUN_007012c0
007012d0	1	FUN_007012d0
007012e0	3	FUN_007012e0
007012f0	1	FUN_007012f0
00701330	31	FUN_00701330
00701350	1	FUN_00701350
00701360	1	FUN_00701360
00701370	34	FUN_00701370
007013a0	11	FUN_007013a0
007013b0	1002	FUN_007013b0
007017a0	109	FUN_007017a0
00701810	825	FUN_00701810
00701c00	31	FUN_00701c00
00701c20	1	FUN_00701c20
00701c30	1	FUN_00701c30
00701c40	69	FUN_00701c40
00701c90	11	FUN_00701c90
00701ca0	379	FUN_00701ca0
00701e40	20	FUN_00701e40
00701e60	1	FUN_00701e60
00701e70	1	FUN_00701e70
00701e80	334	FUN_00701e80
00701fe0	3	FUN_00701fe0
00701ff0	1	FUN_00701ff0
00702000	343	FUN_00702000
00702170	31	FUN_00702170
00702190	1	FUN_00702190
007021a0	1	FUN_007021a0
007021b0	3	FUN_007021b0
007021c0	1	FUN_007021c0
007021d0	1	FUN_007021d0
007021e0	205	FUN_007021e0
007022b0	129	FUN_007022b0
007023a0	211	FUN_007023a0
00702480	788	FUN_00702480
007027a0	175	FUN_007027a0
00702860	788	FUN_00702860
00702b80	221	FUN_00702b80
00702c60	293	FUN_00702c60
00702d90	105	FUN_00702d90
00702e00	1349	FUN_00702e00
00703350	214	FUN_00703350
00703430	217	FUN_00703430
00703550	627	FUN_00703550
007037d0	214	FUN_007037d0
007038b0	433	FUN_007038b0
00703a70	674	FUN_00703a70
00703d20	492	FUN_00703d20
00703f10	170	FUN_00703f10
007040c0	13	FUN_007040c0
007040d0	17	FUN_007040d0
007040f0	1	FUN_007040f0
00704100	1	FUN_00704100
00704110	3	FUN_00704110
00704120	1	FUN_00704120
00704130	1	FUN_00704130
00704280	19	FUN_00704280
007042a0	1	FUN_007042a0
007042c0	234	FUN_007042c0
00704400	738	FUN_00704400
007046f0	1260	FUN_007046f0
00704be0	936	FUN_00704be0
00705010	1	FUN_00705010
00705210	138	FUN_00705210
007052a0	138	FUN_007052a0
00705430	23	FUN_00705430
00705500	131	FUN_00705500
007055c0	647	FUN_007055c0
00705850	608	FUN_00705850
00705d70	985	FUN_00705d70
00706150	135	FUN_00706150
007061e0	546	FUN_007061e0
00706410	91	FUN_00706410
00706470	638	FUN_00706470
00706700	713	FUN_00706700
007069d0	417	FUN_007069d0
00706c90	175	FUN_00706c90
00706d40	1030	FUN_00706d40
00707150	1770	FUN_00707150
00707840	727	FUN_00707840
00707cb0	238	FUN_00707cb0
00707da0	187	FUN_00707da0
00707e60	187	FUN_00707e60
00707f20	144	FUN_00707f20
00707fb0	247	FUN_00707fb0
00708100	27	FUN_00708100
00708120	31	FUN_00708120
00708140	7	FUN_00708140
00708150	1	FUN_00708150
00708160	288	FUN_00708160
00708280	71	FUN_00708280
007082d0	24	FUN_007082d0
007082f0	1741	FUN_007082f0
007089c0	119	FUN_007089c0
00708a40	574	FUN_00708a40
00708c80	91	FUN_00708c80
00708d00	73	FUN_00708d00
00708d50	104	FUN_00708d50
00708dc0	76	FUN_00708dc0
00708e10	118	FUN_00708e10
00708ec0	146	FUN_00708ec0
00708f60	170	FUN_00708f60
00709080	1224	FUN_00709080
00709550	1042	FUN_00709550
00709970	950	FUN_00709970
00709dc0	6	FUN_00709dc0
00709de0	101	FUN_00709de0
0070a1e0	59	FUN_0070a1e0
0070a220	440	FUN_0070a220
0070a420	76	FUN_0070a420
0070a470	65	FUN_0070a470
0070a4c0	11	FUN_0070a4c0
0070a4d0	118	FUN_0070a4d0
0070a550	347	FUN_0070a550
0070a6c0	482	FUN_0070a6c0
0070a8b0	1373	FUN_0070a8b0
0070ae40	62	FUN_0070ae40
0070ae80	256	FUN_0070ae80
0070af80	222	FUN_0070af80
0070b060	302	FUN_0070b060
0070b190	81	FUN_0070b190
0070b290	120	FUN_0070b290
0070b350	176	FUN_0070b350
0070b410	10	FUN_0070b410
0070b6c0	73	FUN_0070b6c0
0070b710	41	FUN_0070b710
0070b740	243	FUN_0070b740
0070b860	16	FUN_0070b860
0070b930	30	FUN_0070b930
0070b950	58	FUN_0070b950
0070b990	63	FUN_0070b990
0070b9d0	76	FUN_0070b9d0
0070ba20	73	FUN_0070ba20
0070ba70	629	FUN_0070ba70
0070bd00	544	FUN_0070bd00
0070bf70	402	FUN_0070bf70
0070c110	297	FUN_0070c110
0070c240	1553	FUN_0070c240
0070c860	824	FUN_0070c860
0070cbb0	1567	FUN_0070cbb0
0070d1e0	1810	FUN_0070d1e0
0070d900	1076	FUN_0070d900
0070dd40	756	FUN_0070dd40
0070e060	59	FUN_0070e060
0070e0a0	1712	FUN_0070e0a0
0070e760	1400	FUN_0070e760
0070eda0	149	FUN_0070eda0
0070ee40	154	FUN_0070ee40
0070eee0	183	FUN_0070eee0
0070f0a0	144	FUN_0070f0a0
0070f130	210	FUN_0070f130
0070f250	23	FUN_0070f250
0070f270	58	FUN_0070f270
0070f2b0	15	FUN_0070f2b0
0070f2c0	30	FUN_0070f2c0
0070f300	33	FUN_0070f300
0070f330	36	FUN_0070f330
0070f3a0	29	FUN_0070f3a0
0070f3c0	44	FUN_0070f3c0
0070f430	73	FUN_0070f430
0070f480	99	FUN_0070f480
0070f510	185	FUN_0070f510
0070f5d0	83	FUN_0070f5d0
0070f630	51	FUN_0070f630
0070f670	48	FUN_0070f670
0070f6a0	80	FUN_0070f6a0
0070f6f0	51	FUN_0070f6f0
0070f780	34	FUN_0070f780
0070f7b0	31	FUN_0070f7b0
0070f7d0	96	FUN_0070f7d0
0070f830	35	FUN_0070f830
0070f860	66	FUN_0070f860
0070f8b0	124	FUN_0070f8b0
0070f930	161	FUN_0070f930
0070f9e0	170	FUN_0070f9e0
0070fb20	127	FUN_0070fb20
0070fba0	69	FUN_0070fba0
0070fbf0	53	FUN_0070fbf0
0070fc30	29	FUN_0070fc30
0070fce0	43	FUN_0070fce0
0070fd10	41	FUN_0070fd10
0070fd40	15	FUN_0070fd40
0070fdf0	34	FUN_0070fdf0
0070fe20	88	FUN_0070fe20
0070fed0	53	FUN_0070fed0
0070ff70	11	FUN_0070ff70
0070ffe0	74	FUN_0070ffe0
00710090	93	FUN_00710090
007101d0	52	FUN_007101d0
00710210	30	FUN_00710210
00710240	25	FUN_00710240
00710260	11	FUN_00710260
00710270	7	FUN_00710270
00710280	7	FUN_00710280
00710290	244	FUN_00710290
00710390	36	FUN_00710390
007103c0	32	FUN_007103c0
007103f0	146	FUN_007103f0
00710490	44	FUN_00710490
00710510	136	FUN_00710510
007105a0	257	FUN_007105a0
007106b0	285	FUN_007106b0
007107d0	43	FUN_007107d0
00710800	43	FUN_00710800
00710830	72	FUN_00710830
00710900	34	FUN_00710900
00710930	69	FUN_00710930
00710980	39	FUN_00710980
007109b0	27	FUN_007109b0
007109d0	90	FUN_007109d0
00710a30	94	FUN_00710a30
00710e80	144	FUN_00710e80
00710f10	99	FUN_00710f10
00710ff0	1	FUN_00710ff0
00711090	1	FUN_00711090
007111c0	84	FUN_007111c0
007112b0	92	FUN_007112b0
00711480	126	FUN_00711480
00711580	146	FUN_00711580
00711660	73	FUN_00711660
007116d0	107	FUN_007116d0
00711770	139	FUN_00711770
00711800	142	FUN_00711800
007119f0	181	FUN_007119f0
00711ab0	159	FUN_00711ab0
00711c60	48	FUN_00711c60
00711c90	76	FUN_00711c90
00711ce0	88	FUN_00711ce0
00711d40	88	FUN_00711d40
00711e40	88	FUN_00711e40
00711f60	110	FUN_00711f60
00711ff0	55	FUN_00711ff0
00712030	360	FUN_00712030
007121a0	61	FUN_007121a0
007121e0	1073	FUN_007121e0
00712620	148	FUN_00712620
007126c0	1359	FUN_007126c0
00712c70	40	FUN_00712c70
00712cd0	69	FUN_00712cd0
00712d80	120	FUN_00712d80
00712e00	12	FUN_00712e00
00712e10	116	FUN_00712e10
00713060	466	FUN_00713060
007133c0	352	FUN_007133c0
00713520	657	FUN_00713520
007137c0	549	FUN_007137c0
007139f0	10	FUN_007139f0
00713a00	6	FUN_00713a00
00713a10	126	FUN_00713a10
00713b30	773	FUN_00713b30
00713e40	32	FUN_00713e40
00713e60	19	FUN_00713e60
00713ed0	58	FUN_00713ed0
00713f50	434	FUN_00713f50
00714110	143	FUN_00714110
007141b0	10	FUN_007141b0
007141c0	283	FUN_007141c0
007142e0	266	FUN_007142e0
007143f0	861	FUN_007143f0
00714770	116	FUN_00714770
00714980	87	FUN_00714980
007149e0	129	FUN_007149e0
00714a70	109	FUN_00714a70
00714cd0	52	FUN_00714cd0
00714d10	57	FUN_00714d10
00714e20	39	FUN_00714e20
00714e50	31	FUN_00714e50
00714e70	10	FUN_00714e70
00714f20	529	FUN_00714f20
00715140	54	FUN_00715140
00715180	90	FUN_00715180
007151e0	28	FUN_007151e0
00715200	261	FUN_00715200
00715310	2239	FUN_00715310
00715be0	1786	FUN_00715be0
007162f0	21	FUN_007162f0
00716390	6	FUN_00716390
007163a0	6	FUN_007163a0
007163b0	6	FUN_007163b0
007163c0	6	FUN_007163c0
00716660	131	FUN_00716660
00716860	208	FUN_00716860
00716930	262	FUN_00716930
00716a80	21	FUN_00716a80
00716ae0	31	FUN_00716ae0
00716b20	81	FUN_00716b20
00716bc0	787	FUN_00716bc0
00716ee0	55	FUN_00716ee0
00716f20	90	FUN_00716f20
00716f80	72	FUN_00716f80
00717030	455	FUN_00717030
00717200	243	FUN_00717200
007173c0	666	FUN_007173c0
007176b0	19	FUN_007176b0
007177b0	131	FUN_007177b0
00717840	54	FUN_00717840
00717880	164	FUN_00717880
00717990	58	FUN_00717990
007179d0	122	FUN_007179d0
00717ae0	1	FUN_00717ae0
00717b20	485	FUN_00717b20
00717d80	527	FUN_00717d80
00717f90	693	FUN_00717f90
00718250	390	FUN_00718250
007183e0	107	FUN_007183e0
00718460	34	FUN_00718460
00718490	79	FUN_00718490
007184f0	28	FUN_007184f0
00718560	15	FUN_00718560
00718570	104	FUN_00718570
007185e0	109	FUN_007185e0
00718650	106	FUN_00718650
007186e0	484	FUN_007186e0
007188d0	212	FUN_007188d0
007189b0	486	FUN_007189b0
00718ba0	216	FUN_00718ba0
00718c80	418	FUN_00718c80
00718e30	725	FUN_00718e30
00719110	615	FUN_00719110
00719380	236	FUN_00719380
00719470	191	FUN_00719470
00719530	450	FUN_00719530
007197e0	150	FUN_007197e0
007198b0	152	FUN_007198b0
00719950	214	FUN_00719950
00719a30	56	FUN_00719a30
00719a70	195	FUN_00719a70
00719c70	29	FUN_00719c70
00719c90	93	FUN_00719c90
00719d90	10	FUN_00719d90
00719db0	270	FUN_00719db0
00719f20	72	FUN_00719f20
00719fb0	78	FUN_00719fb0
0071a010	16	FUN_0071a010
0071a020	16	FUN_0071a020
0071a200	31	FUN_0071a200
0071a280	150	FUN_0071a280
0071a320	360	FUN_0071a320
0071a490	103	FUN_0071a490
0071a500	63	FUN_0071a500
0071a710	25	FUN_0071a710
0071a750	6	FUN_0071a750
0071a920	78	FUN_0071a920
0071a970	75	FUN_0071a970
0071aac0	323	FUN_0071aac0
0071ae30	166	FUN_0071ae30
0071af80	204	FUN_0071af80
0071b050	162	FUN_0071b050
0071b100	218	FUN_0071b100
0071b1e0	130	FUN_0071b1e0
0071b3d0	298	FUN_0071b3d0
0071b500	222	FUN_0071b500
0071b5e0	160	FUN_0071b5e0
0071b680	144	FUN_0071b680
0071b710	236	FUN_0071b710
0071b8c0	175	FUN_0071b8c0
0071b990	324	FUN_0071b990
0071bbf0	754	FUN_0071bbf0
0071bef0	1164	FUN_0071bef0
0071c380	818	FUN_0071c380
0071c6c0	1089	FUN_0071c6c0
0071cb10	906	FUN_0071cb10
0071cea0	903	FUN_0071cea0
0071d230	1132	FUN_0071d230
0071d6a0	160	FUN_0071d6a0
0071d740	29	FUN_0071d740
0071d800	611	FUN_0071d800
0071da70	610	FUN_0071da70
0071dce0	220	FUN_0071dce0
0071ddc0	202	FUN_0071ddc0
0071de90	888	FUN_0071de90
0071e2d0	1458	FUN_0071e2d0
0071e890	2124	FUN_0071e890
0071f370	126	FUN_0071f370
0071f3f0	704	FUN_0071f3f0
0071f6b0	704	FUN_0071f6b0
0071f990	238	FUN_0071f990
0071fa80	599	FUN_0071fa80
0071fce0	87	FUN_0071fce0
0071fd80	148	FUN_0071fd80
0071fe20	13	FUN_0071fe20
0071fe30	13	FUN_0071fe30
0071fe90	176	FUN_0071fe90
0071ff40	184	FUN_0071ff40
00720000	170	FUN_00720000
007200b0	1717	FUN_007200b0
00720790	20	FUN_00720790
007207b0	1	FUN_007207b0
007207c0	1	FUN_007207c0
00720810	227	FUN_00720810
00720900	293	FUN_00720900
00720a30	1286	FUN_00720a30
00720f40	813	FUN_00720f40
00721270	195	FUN_00721270
007213d0	313	FUN_007213d0
00721520	425	FUN_00721520
007216d0	202	FUN_007216d0
00721800	570	FUN_00721800
00721e50	190	FUN_00721e50
00721f10	209	FUN_00721f10
00721ff0	251	FUN_00721ff0
007220f0	151	FUN_007220f0
00722190	168	FUN_00722190
00722300	299	FUN_00722300
00722430	560	FUN_00722430
007226a0	70	FUN_007226a0
00722770	50	FUN_00722770
007227b0	283	FUN_007227b0
007228d0	2778	FUN_007228d0
007233b0	2534	FUN_007233b0
00723da0	382	FUN_00723da0
00723fc0	120	FUN_00723fc0
00724040	255	FUN_00724040
00724140	5950	FUN_00724140
00725880	112	FUN_00725880
007258f0	4694	FUN_007258f0
00726b80	1864	FUN_00726b80
007272d0	913	FUN_007272d0
00727670	107	FUN_00727670
007276e0	167	FUN_007276e0
00727790	232	FUN_00727790
00727880	648	FUN_00727880
00727b40	24	FUN_00727b40
00727b60	348	FUN_00727b60
00727cc0	198	FUN_00727cc0
00727d90	20	FUN_00727d90
00727db0	19	FUN_00727db0
00727dd0	20	FUN_00727dd0
00727df0	19	FUN_00727df0
00727ea0	11	FUN_00727ea0
00727f20	30	FUN_00727f20
00727f40	10	FUN_00727f40
00727f50	35	FUN_00727f50
00727f80	203	FUN_00727f80
00728050	93	FUN_00728050
007280b0	95	FUN_007280b0
00728110	88	FUN_00728110
00728170	109	FUN_00728170
00728220	88	FUN_00728220
00728280	17	FUN_00728280
007282a0	18	FUN_007282a0
007282c0	22	FUN_007282c0
007282e0	27	FUN_007282e0
00728340	219	FUN_00728340
00728430	45	FUN_00728430
00728460	70	FUN_00728460
007284b0	71	FUN_007284b0
007287d0	200	FUN_007287d0
00728920	106	FUN_00728920
00728990	31	FUN_00728990
007289b0	13	FUN_007289b0
007289c0	1	FUN_007289c0
007289d0	1456	FUN_007289d0
00728fe0	69	FUN_00728fe0
00729030	630	FUN_00729030
007292b0	95	FUN_007292b0
00729390	82	FUN_00729390
007293f0	79	FUN_007293f0
00729470	31	FUN_00729470
00729490	31	FUN_00729490
007294b0	30	FUN_007294b0
007294d0	31	FUN_007294d0
007294f0	31	FUN_007294f0
00729660	27	FUN_00729660
00729680	53	FUN_00729680
007296c0	523	FUN_007296c0
007298d0	503	FUN_007298d0
00729ad0	31	FUN_00729ad0
00729d30	31	FUN_00729d30
0072a240	653	FUN_0072a240
0072a4d0	701	FUN_0072a4d0
0072a790	399	FUN_0072a790
0072a940	679	FUN_0072a940
0072abf0	709	FUN_0072abf0
0072aec0	62	FUN_0072aec0
0072afa0	44	FUN_0072afa0
0072afd0	99	FUN_0072afd0
0072b040	43	FUN_0072b040
0072b080	226	FUN_0072b080
0072b170	3010	FUN_0072b170
0072bd40	495	FUN_0072bd40
0072c1c0	89	FUN_0072c1c0
0072c220	363	FUN_0072c220
0072c390	271	FUN_0072c390
0072c750	153	FUN_0072c750
0072c7f0	118	FUN_0072c7f0
0072c870	1907	FUN_0072c870
0072d000	1321	FUN_0072d000
0072d530	259	FUN_0072d530
0072d640	234	FUN_0072d640
0072d820	89	FUN_0072d820
0072d880	129	FUN_0072d880
0072d910	59	FUN_0072d910
0072d950	44	FUN_0072d950
0072d980	378	FUN_0072d980
0072db00	79	FUN_0072db00
0072db50	292	FUN_0072db50
0072dc80	48	FUN_0072dc80
0072dcb0	220	FUN_0072dcb0
0072dd90	74	FUN_0072dd90
0072dde0	862	FUN_0072dde0
0072e150	288	FUN_0072e150
0072e270	434	FUN_0072e270
0072e430	1210	FUN_0072e430
0072e8f0	127	FUN_0072e8f0
0072e970	232	FUN_0072e970
0072eb50	776	FUN_0072eb50
0072ee60	378	FUN_0072ee60
0072f040	111	FUN_0072f040
0072f140	162	FUN_0072f140
0072fc40	262	FUN_0072fc40
0072fd90	275	FUN_0072fd90
0072feb0	267	FUN_0072feb0
0072ffc0	1019	FUN_0072ffc0
007303c0	235	FUN_007303c0
007304b0	283	FUN_007304b0
00730660	194	FUN_00730660
00730730	94	FUN_00730730
00730790	113	FUN_00730790
00730810	111	FUN_00730810
00730880	13	FUN_00730880
00730890	145	FUN_00730890
00730930	513	FUN_00730930
00730b40	314	FUN_00730b40
00730c80	488	FUN_00730c80
00730e70	718	FUN_00730e70
00731140	50	FUN_00731140
00731180	484	FUN_00731180
00731370	484	FUN_00731370
00731560	506	FUN_00731560
00731760	109	FUN_00731760
007317d0	379	FUN_007317d0
00731950	241	FUN_00731950
00731a50	277	FUN_00731a50
00731b70	1708	FUN_00731b70
00732510	25	FUN_00732510
00732530	123	FUN_00732530
007325c0	200	FUN_007325c0
007326e0	344	FUN_007326e0
007328a0	44	FUN_007328a0
007329e0	81	FUN_007329e0
00732a40	781	FUN_00732a40
00732d50	926	FUN_00732d50
007330f0	128	FUN_007330f0
00733170	1844	FUN_00733170
007338b0	832	FUN_007338b0
00733bf0	864	FUN_00733bf0
00733f50	404	FUN_00733f50
007340f0	2277	FUN_007340f0
007349e0	484	FUN_007349e0
00734bd0	102	FUN_00734bd0
00734c60	51	FUN_00734c60
00734cc0	51	FUN_00734cc0
00734d00	211	FUN_00734d00
00734e20	92	FUN_00734e20
00734e80	177	FUN_00734e80
00734fb0	109	FUN_00734fb0
00735020	93	FUN_00735020
00735080	95	FUN_00735080
007350e0	26	FUN_007350e0
00735180	4287	FUN_00735180
00736250	2368	FUN_00736250
00736ba0	629	FUN_00736ba0
00736e20	512	FUN_00736e20
00737020	763	FUN_00737020
00737320	229	FUN_00737320
00737410	459	FUN_00737410
00737650	136	FUN_00737650
00737780	248	FUN_00737780
00737880	37	FUN_00737880
00737910	32	FUN_00737910
00737950	39	FUN_00737950
00737980	108	FUN_00737980
007379f0	90	FUN_007379f0
00737a50	320	FUN_00737a50
00737c00	90	FUN_00737c00
00737d30	46	FUN_00737d30
00737d60	90	FUN_00737d60
00737dc0	78	FUN_00737dc0
00737e10	5	FUN_00737e10
007380a0	180	FUN_007380a0
00738160	943	FUN_00738160
007386c0	30	FUN_007386c0
007386e0	1160	FUN_007386e0
00738b70	30	FUN_00738b70
00738df0	104	FUN_00738df0
00738e60	329	FUN_00738e60
00738fb0	97	FUN_00738fb0
00739020	1440	FUN_00739020
007395c0	265	FUN_007395c0
007396f0	129	FUN_007396f0
00739780	306	FUN_00739780
007398c0	77	FUN_007398c0
00739910	298	FUN_00739910
00739a50	1324	FUN_00739a50
00739f90	110	FUN_00739f90
0073a000	1436	FUN_0073a000
0073a5b0	40	FUN_0073a5b0
0073a5e0	825	FUN_0073a5e0
0073a920	231	FUN_0073a920
0073aa10	43	FUN_0073aa10
0073aaa0	119	FUN_0073aaa0
0073ab20	1504	FUN_0073ab20
0073b110	347	FUN_0073b110
0073b270	451	FUN_0073b270
0073b470	1354	FUN_0073b470
0073b9c0	414	FUN_0073b9c0
0073bb60	65	FUN_0073bb60
0073bbc0	356	FUN_0073bbc0
0073bd30	40	FUN_0073bd30
0073bd60	25	FUN_0073bd60
0073bd80	25	FUN_0073bd80
0073bda0	74	FUN_0073bda0
0073bdf0	51	FUN_0073bdf0
0073be30	56	FUN_0073be30
0073be70	207	FUN_0073be70
0073bf40	48	FUN_0073bf40
0073bf70	56	FUN_0073bf70
0073bfb0	348	FUN_0073bfb0
0073c110	56	FUN_0073c110
0073c150	117	FUN_0073c150
0073c1d0	31	FUN_0073c1d0
0073c1f0	684	FUN_0073c1f0
0073c4b0	94	FUN_0073c4b0
0073c510	114	FUN_0073c510
0073c590	121	FUN_0073c590
0073c610	100	FUN_0073c610
0073c680	227	FUN_0073c680
0073c770	394	FUN_0073c770
